{
  "recall@5": 48.779478692594125,
  "all_recall@5": 13.984278030616467,
  "recall@10": 65.63922217625155,
  "all_recall@10": 32.47827885808854,
  "mrr": 0.6643210131935825,
  "gold_rank": 2.203144393876707,
  "em": 35.53992552751345,
  "f1": 36.33210580226749,
  "answer_support_rate": 35.53992552751345,
  "latency_seconds": 0.001210090417390243,
  "avg_retrieval_tokens": 426.50351675630947
}