{
  "recall@5": 49.97241759757275,
  "all_recall@5": 18.700868845676457,
  "recall@10": 68.54916563232658,
  "all_recall@10": 38.64294580057923,
  "mrr": 0.6175448706582344,
  "gold_rank": 2.377327265204799,
  "em": 39.22217625155151,
  "f1": 39.9245297898094,
  "answer_support_rate": 39.22217625155151,
  "latency_seconds": 0.0003335409784530793,
  "avg_retrieval_tokens": 411.095159288374
}