{
  "all_recall@10": 96.4078325455773,
  "all_recall@5": 74.07157326130992,
  "answer_support_rate": 82.68737339635382,
  "avg_retrieval_tokens": 439.1164078325456,
  "em": 82.68737339635382,
  "f1": 82.90764838600164,
  "gold_rank": 1.4341661039837947,
  "latency_seconds": 0.0,
  "mrr": 0.8698982883722924,
  "recall@10": 98.16340310600945,
  "recall@5": 85.99594868332208
}