{
  "all_recall@10": 100.0,
  "all_recall@5": 79.63538149898717,
  "answer_support_rate": 85.63133018230926,
  "avg_retrieval_tokens": 440.8615800135044,
  "em": 85.63133018230926,
  "f1": 85.82036945315251,
  "gold_rank": 1.1931127616475354,
  "latency_seconds": 0.0,
  "mrr": 0.9313467948511838,
  "recall@10": 100.0,
  "recall@5": 89.59486833220797
}