{
  "all_recall@10": 100.0,
  "all_recall@5": 67.26536124240378,
  "answer_support_rate": 79.51384199864957,
  "avg_retrieval_tokens": 450.9158676569885,
  "em": 79.51384199864957,
  "f1": 79.74692302914804,
  "gold_rank": 1.2469952734638758,
  "latency_seconds": 0.0,
  "mrr": 0.9238357823435474,
  "recall@10": 100.0,
  "recall@5": 83.11276164753545
}