{
  "all_recall@10": 100.0,
  "all_recall@5": 74.07157326130992,
  "answer_support_rate": 82.68737339635382,
  "avg_retrieval_tokens": 439.50708980418636,
  "em": 82.68737339635382,
  "f1": 82.90764838600164,
  "gold_rank": 1.4411883862255233,
  "latency_seconds": 0.0,
  "mrr": 0.8699920688509479,
  "recall@10": 100.0,
  "recall@5": 85.99594868332208
}