{
  "all_recall@10": 100.0,
  "all_recall@5": 71.3571910871033,
  "answer_support_rate": 80.70222822417286,
  "avg_retrieval_tokens": 437.8533423362593,
  "em": 80.70222822417286,
  "f1": 80.90829553688512,
  "gold_rank": 1.2334908845374746,
  "latency_seconds": 0.0,
  "mrr": 0.9243729569252864,
  "recall@10": 100.0,
  "recall@5": 85.32748143146523
}