{
  "all_recall@10": 100.0,
  "all_recall@5": 71.31667792032411,
  "answer_support_rate": 80.64821066846726,
  "avg_retrieval_tokens": 437.8018906144497,
  "em": 80.64821066846726,
  "f1": 80.85427798117952,
  "gold_rank": 1.2403781228899393,
  "latency_seconds": 0.0,
  "mrr": 0.9240285950076632,
  "recall@10": 100.0,
  "recall@5": 85.30722484807562
}