{
  "all_recall@10": 100.0,
  "all_recall@5": 75.77312626603646,
  "answer_support_rate": 82.90344361917623,
  "avg_retrieval_tokens": 433.10452397029036,
  "em": 82.90344361917623,
  "f1": 83.09495492746079,
  "gold_rank": 1.2532072923700202,
  "latency_seconds": 0.0,
  "mrr": 0.9166743834603389,
  "recall@10": 100.0,
  "recall@5": 87.4679270762998
}