{
  "seed": 13,
  "protocol": "train_to_dev",
  "split": {
    "seed": 13,
    "protocol": "train_to_dev",
    "train_alignment": {
      "examples": 10000,
      "aligned_examples": 10000,
      "missing_examples": 0,
      "missing_rate": 0.0
    },
    "dev_alignment": {
      "examples": 7405,
      "aligned_examples": 7405,
      "missing_examples": 0,
      "missing_rate": 0.0
    },
    "train_examples": 10000,
    "heldout_examples": 7405,
    "train_percent": 60,
    "split_salt": "phase1d_dense_aware_controller_20260524"
  },
  "metrics": {
    "colbertv2": {
      "all_recall@10": 100.0,
      "all_recall@5": 68.19716407832546,
      "answer_support_rate": 79.63538149898717,
      "avg_retrieval_tokens": 438.21404456448346,
      "em": 79.63538149898717,
      "f1": 79.84400128960641,
      "gold_rank": 1.2461850101282916,
      "latency_seconds": 0.0,
      "mrr": 0.9238724371134904,
      "recall@10": 100.0,
      "recall@5": 83.60567184334909
    },
    "phase1c_mlp_topk_4": {
      "all_recall@10": 96.4078325455773,
      "all_recall@5": 74.07157326130992,
      "answer_support_rate": 82.68737339635382,
      "avg_retrieval_tokens": 439.1164078325456,
      "em": 82.68737339635382,
      "f1": 82.90764838600164,
      "gold_rank": 1.4341661039837947,
      "latency_seconds": 0.0,
      "mrr": 0.8698982883722924,
      "recall@10": 98.16340310600945,
      "recall@5": 85.99594868332208
    },
    "rrf_dense_hkvm": {
      "all_recall@10": 100.0,
      "all_recall@5": 75.77312626603646,
      "answer_support_rate": 82.90344361917623,
      "avg_retrieval_tokens": 433.10452397029036,
      "em": 82.90344361917623,
      "f1": 83.09495492746079,
      "gold_rank": 1.2532072923700202,
      "latency_seconds": 0.0,
      "mrr": 0.9166743834603389,
      "recall@10": 100.0,
      "recall@5": 87.4679270762998
    },
    "rrf_dense_hkvm_bm25": {
      "all_recall@10": 100.0,
      "all_recall@5": 75.77312626603646,
      "answer_support_rate": 82.90344361917623,
      "avg_retrieval_tokens": 433.10452397029036,
      "em": 82.90344361917623,
      "f1": 83.09495492746079,
      "gold_rank": 1.2532072923700202,
      "latency_seconds": 0.0,
      "mrr": 0.9166743834603389,
      "recall@10": 100.0,
      "recall@5": 87.4679270762998
    },
    "quota_dense4_hkvm1": {
      "all_recall@10": 100.0,
      "all_recall@5": 71.31667792032411,
      "answer_support_rate": 80.64821066846726,
      "avg_retrieval_tokens": 437.8018906144497,
      "em": 80.64821066846726,
      "f1": 80.85427798117952,
      "gold_rank": 1.2403781228899393,
      "latency_seconds": 0.0,
      "mrr": 0.9240285950076632,
      "recall@10": 100.0,
      "recall@5": 85.30722484807562
    },
    "quota_dense3_hkvm2": {
      "all_recall@10": 100.0,
      "all_recall@5": 71.3571910871033,
      "answer_support_rate": 80.70222822417286,
      "avg_retrieval_tokens": 437.8533423362593,
      "em": 80.70222822417286,
      "f1": 80.90829553688512,
      "gold_rank": 1.2334908845374746,
      "latency_seconds": 0.0,
      "mrr": 0.9243729569252864,
      "recall@10": 100.0,
      "recall@5": 85.32748143146523
    },
    "controller_dense_only": {
      "all_recall@10": 100.0,
      "all_recall@5": 67.26536124240378,
      "answer_support_rate": 79.51384199864957,
      "avg_retrieval_tokens": 450.9158676569885,
      "em": 79.51384199864957,
      "f1": 79.74692302914804,
      "gold_rank": 1.2469952734638758,
      "latency_seconds": 0.0,
      "mrr": 0.9238357823435474,
      "recall@10": 100.0,
      "recall@5": 83.11276164753545
    },
    "controller_hkvm_only": {
      "all_recall@10": 100.0,
      "all_recall@5": 74.07157326130992,
      "answer_support_rate": 82.68737339635382,
      "avg_retrieval_tokens": 439.50708980418636,
      "em": 82.68737339635382,
      "f1": 82.90764838600164,
      "gold_rank": 1.4411883862255233,
      "latency_seconds": 0.0,
      "mrr": 0.8699920688509479,
      "recall@10": 100.0,
      "recall@5": 85.99594868332208
    },
    "controller_dense_hkvm": {
      "all_recall@10": 100.0,
      "all_recall@5": 79.63538149898717,
      "answer_support_rate": 85.63133018230926,
      "avg_retrieval_tokens": 440.8615800135044,
      "em": 85.63133018230926,
      "f1": 85.82036945315251,
      "gold_rank": 1.1931127616475354,
      "latency_seconds": 0.0,
      "mrr": 0.9313467948511838,
      "recall@10": 100.0,
      "recall@5": 89.59486833220797
    }
  },
  "bootstrap_vs_dense": [
    {
      "seed": 13,
      "reference": "colbertv2",
      "candidate": "controller_dense_hkvm",
      "metric": "f1",
      "mean_diff": 5.976368163546102,
      "ci_low": 5.106785040831989,
      "ci_high": 6.804472268175565,
      "p_diff_le_0": 0.0
    },
    {
      "seed": 13,
      "reference": "colbertv2",
      "candidate": "controller_dense_hkvm",
      "metric": "em",
      "mean_diff": 5.99594868332208,
      "ci_low": 5.1316677920324105,
      "ci_high": 6.887238352464551,
      "p_diff_le_0": 0.0
    },
    {
      "seed": 13,
      "reference": "colbertv2",
      "candidate": "controller_dense_hkvm",
      "metric": "all_recall@10",
      "mean_diff": 0.0,
      "ci_low": 0.0,
      "ci_high": 0.0,
      "p_diff_le_0": 1.0
    },
    {
      "seed": 13,
      "reference": "colbertv2",
      "candidate": "controller_dense_only",
      "metric": "f1",
      "mean_diff": -0.09707826045837133,
      "ci_low": -0.713616409579517,
      "ci_high": 0.5444136058387159,
      "p_diff_le_0": 0.626
    },
    {
      "seed": 13,
      "reference": "colbertv2",
      "candidate": "controller_dense_only",
      "metric": "em",
      "mean_diff": -0.12153950033760973,
      "ci_low": -0.7832545577312626,
      "ci_high": 0.513166779203241,
      "p_diff_le_0": 0.656
    },
    {
      "seed": 13,
      "reference": "colbertv2",
      "candidate": "controller_dense_only",
      "metric": "all_recall@10",
      "mean_diff": 0.0,
      "ci_low": 0.0,
      "ci_high": 0.0,
      "p_diff_le_0": 1.0
    },
    {
      "seed": 13,
      "reference": "colbertv2",
      "candidate": "controller_hkvm_only",
      "metric": "f1",
      "mean_diff": 3.063647096395238,
      "ci_low": 2.061261156129488,
      "ci_high": 4.107158438909639,
      "p_diff_le_0": 0.0
    },
    {
      "seed": 13,
      "reference": "colbertv2",
      "candidate": "controller_hkvm_only",
      "metric": "em",
      "mean_diff": 3.0519918973666442,
      "ci_low": 2.052667116812964,
      "ci_high": 4.037812288993923,
      "p_diff_le_0": 0.0
    },
    {
      "seed": 13,
      "reference": "colbertv2",
      "candidate": "controller_hkvm_only",
      "metric": "all_recall@10",
      "mean_diff": 0.0,
      "ci_low": 0.0,
      "ci_high": 0.0,
      "p_diff_le_0": 1.0
    },
    {
      "seed": 13,
      "reference": "colbertv2",
      "candidate": "phase1c_mlp_topk_4",
      "metric": "f1",
      "mean_diff": 3.063647096395238,
      "ci_low": 2.0971962505902213,
      "ci_high": 3.976578511451609,
      "p_diff_le_0": 0.0
    },
    {
      "seed": 13,
      "reference": "colbertv2",
      "candidate": "phase1c_mlp_topk_4",
      "metric": "em",
      "mean_diff": 3.0519918973666442,
      "ci_low": 2.0661715057393653,
      "ci_high": 4.024307900067522,
      "p_diff_le_0": 0.0
    },
    {
      "seed": 13,
      "reference": "colbertv2",
      "candidate": "phase1c_mlp_topk_4",
      "metric": "all_recall@10",
      "mean_diff": -3.5921674544226874,
      "ci_low": -4.037812288993923,
      "ci_high": -3.187035786630655,
      "p_diff_le_0": 1.0
    },
    {
      "seed": 13,
      "reference": "colbertv2",
      "candidate": "quota_dense3_hkvm2",
      "metric": "f1",
      "mean_diff": 1.0642942472787171,
      "ci_low": 0.757121339160502,
      "ci_high": 1.3779736656171497,
      "p_diff_le_0": 0.0
    },
    {
      "seed": 13,
      "reference": "colbertv2",
      "candidate": "quota_dense3_hkvm2",
      "metric": "em",
      "mean_diff": 1.0668467251856852,