{
  "datasets": {
    "hotpotqa": {
      "methods": {
        "colbertv2": {
          "mean": {
            "all_recall@10": 100.0,
            "all_recall@5": 68.19716407832546,
            "answer_support_rate": 79.63538149898717,
            "avg_retrieval_tokens": 438.21404456448346,
            "em": 79.63538149898717,
            "f1": 79.84400128960641,
            "gold_rank": 1.2461850101282916,
            "latency_seconds": 0.06168876522269512,
            "mrr": 0.9238724371134904,
            "recall@10": 100.0,
            "recall@5": 83.60567184334909
          },
          "std": {
            "all_recall@10": 0.0,
            "all_recall@5": 0.0,
            "answer_support_rate": 0.0,
            "avg_retrieval_tokens": 0.0,
            "em": 0.0,
            "f1": 0.0,
            "gold_rank": 0.0,
            "latency_seconds": 0.02607414053683776,
            "mrr": 0.0,
            "recall@10": 0.0,
            "recall@5": 0.0
          },
          "seeds": {
            "13": {
              "recall@5": 83.60567184334909,
              "all_recall@5": 68.19716407832546,
              "recall@10": 100.0,
              "all_recall@10": 100.0,
              "mrr": 0.9238724371134904,
              "gold_rank": 1.2461850101282916,
              "em": 79.63538149898717,
              "f1": 79.84400128960641,
              "answer_support_rate": 79.63538149898717,
              "latency_seconds": 0.09853247769702361,
              "avg_retrieval_tokens": 438.21404456448346
            },
            "29": {
              "recall@5": 83.60567184334909,
              "all_recall@5": 68.19716407832546,
              "recall@10": 100.0,
              "all_recall@10": 100.0,
              "mrr": 0.9238724371134904,
              "gold_rank": 1.2461850101282916,
              "em": 79.63538149898717,
              "f1": 79.84400128960641,
              "answer_support_rate": 79.63538149898717,
              "latency_seconds": 0.04456953918397839,
              "avg_retrieval_tokens": 438.21404456448346
            },
            "43": {
              "recall@5": 83.60567184334909,
              "all_recall@5": 68.19716407832546,
              "recall@10": 100.0,
              "all_recall@10": 100.0,
              "mrr": 0.9238724371134904,
              "gold_rank": 1.2461850101282916,
              "em": 79.63538149898717,
              "f1": 79.84400128960641,
              "answer_support_rate": 79.63538149898717,
              "latency_seconds": 0.041964278787083344,
              "avg_retrieval_tokens": 438.21404456448346
            }
          }
        }
      }
    }
  }
}