{
  "recall@5": 80.3912213740458,
  "all_recall@5": 56.639631043257,
  "recall@10": 99.67795801526718,
  "all_recall@10": 99.25254452926208,
  "mrr": 0.9215959979199483,
  "gold_rank": 1.2116730279898218,
  "em": 71.31043256997455,
  "f1": 71.873124617217,
  "answer_support_rate": 71.31043256997455,
  "latency_seconds": 0.00025011513192762337,
  "avg_retrieval_tokens": 424.535941475827
}