{
  "recall@5": 86.73862913486005,
  "all_recall@5": 71.97837150127226,
  "recall@10": 99.8489185750636,
  "all_recall@10": 99.6501272264631,
  "mrr": 0.8196553210448726,
  "gold_rank": 1.5626590330788803,
  "em": 78.64980916030534,
  "f1": 79.2991747806942,
  "answer_support_rate": 78.64980916030534,
  "latency_seconds": 0.00014963421623322357,
  "avg_retrieval_tokens": 393.89917302798983
}