{
  "recall@5": 85.03299936386769,
  "all_recall@5": 66.17366412213741,
  "recall@10": 99.09351145038168,
  "all_recall@10": 98.10750636132316,
  "mrr": 0.8997264252393069,
  "gold_rank": 1.2833969465648856,
  "em": 75.35782442748092,
  "f1": 75.87308092058036,
  "answer_support_rate": 75.35782442748092,
  "latency_seconds": 0.0005039608855514803,
  "avg_retrieval_tokens": 392.48807251908397
}