{
  "examples": 12576,
  "passages": 125760,
  "triples": 534411,
  "answer_path_hyperedges": 157571,
  "cooccurrence_hyperedges": 120921,
  "random_hyperedges": 1609728,
  "triples_per_passage": 4.249451335877863,
  "triples_per_example": 42.494513358778626,
  "answer_path_hyperedges_per_example": 12.529500636132315,
  "cooccurrence_hyperedges_per_example": 9.615219465648854,
  "empty_extraction_examples": 0,
  "empty_extraction_rate": 0.0,
  "gold_support_examples": 12576,
  "gold_support_coverage": 1.0,
  "triple_score_distributions": {
    "factual_confidence": {
      "n": 534411,
      "mean": 0.9947306473856264,
      "std": 0.03501518106249084,
      "min": 0.0,
      "p25": 1.0,
      "p50": 1.0,
      "p75": 1.0,
      "max": 1.0,
      "unique_rounded": [
        0.0,
        0.2,
        0.3,
        0.4,
        0.5,
        0.6,
        0.7,
        0.8,
        0.9,
        1.0
      ]
    },
    "semantic_salience": {
      "n": 534411,
      "mean": 0.7830618194610516,
      "std": 0.14928662567040812,
      "min": 0.0,
      "p25": 0.7,
      "p50": 0.8,
      "p75": 0.9,
      "max": 1.0,
      "unique_rounded": [
        0.0,
        0.2,
        0.3,
        0.4,
        0.5,
        0.6,
        0.7,
        0.8,
        0.9,
        0.95,
        1.0
      ]
    },
    "bridge_potential": {
      "n": 534411,
      "mean": 0.5473044155153992,
      "std": 0.17452174458493103,
      "min": 0.0,
      "p25": 0.4,
      "p50": 0.5,
      "p75": 0.7,
      "max": 1.0,
      "unique_rounded": [
        0.0,
        0.1,
        0.2,
        0.3,
        0.4,
        0.5,
        0.6,
        0.7,
        0.8,
        0.9,
        1.0
      ]
    }
  },
  "hyperedge_score_distributions": {
    "factual_confidence": {
      "n": 157571,
      "mean": 0.9935470975500381,
      "std": 0.029107927808277714,
      "min": 0.0,
      "p25": 1.0,
      "p50": 1.0,
      "p75": 1.0,
      "max": 1.0,
      "unique_rounded": [
        0.0,
        0.1,
        0.2,
        0.3,
        0.32,
        0.33,
        0.35,
        0.5,
        0.55,
        0.57,
        0.6,
        0.63,
        0.65,
        0.66,
        0.67,
        0.68,
        0.7,
        0.72,
        0.73,
        0.74,
        0.75,
        0.76,
        0.77,
        0.78,
        0.8
      ]
    },
    "semantic_salience": {
      "n": 157571,
      "mean": 0.7930938321934707,
      "std": 0.08792285458893005,
      "min": 0.0,
      "p25": 0.7400000000000001,
      "p50": 0.8,
      "p75": 0.8500000000000001,
      "max": 1.0,
      "unique_rounded": [
        0.0,
        0.25,
        0.3,
        0.35,
        0.36,
        0.37,
        0.38,
        0.4,
        0.42,
        0.43,
        0.45,
        0.46,
        0.47,
        0.48,
        0.5,
        0.52,
        0.53,
        0.54,
        0.55,
        0.56,
        0.57,
        0.58,
        0.59,
        0.6,
        0.61
      ]
    },
    "bridge_potential": {
      "n": 157571,
      "mean": 0.7212412182444738,
      "std": 0.11363011294807758,
      "min": 0.0,
      "p25": 0.7,
      "p50": 0.7,
      "p75": 0.8,
      "max": 1.0,
      "unique_rounded": [
        0.0,
        0.1,
        0.2,
        0.3,
        0.4,
        0.5,
        0.6,
        0.7,
        0.8,
        0.9,
        1.0
      ]
    }
  }
}