{
  "recall@5": 86.51598282442748,
  "all_recall@5": 70.18924936386769,
  "recall@10": 99.8489185750636,
  "all_recall@10": 99.6501272264631,
  "mrr": 0.8923888787915506,
  "gold_rank": 1.3192589058524173,
  "em": 77.52862595419847,
  "f1": 78.09801350168857,
  "answer_support_rate": 77.52862595419847,
  "latency_seconds": 0.00014650938744470418,
  "avg_retrieval_tokens": 396.0418256997456
}