{
  "recall@5": 54.24424217349331,
  "all_recall@5": 18.700868845676457,
  "recall@10": 72.44862777547924,
  "all_recall@10": 41.745966073645015,
  "mrr": 0.7329204182017587,
  "gold_rank": 2.002068680182044,
  "em": 45.34546959040132,
  "f1": 46.04518976498095,
  "answer_support_rate": 45.34546959040132,
  "latency_seconds": 0.0005980541400363253,
  "avg_retrieval_tokens": 475.0368225072404
}