{
  "examples": 2417,
  "passages": 48325,
  "triples": 235727,
  "answer_path_hyperedges": 66326,
  "cooccurrence_hyperedges": 48303,
  "random_hyperedges": 309376,
  "triples_per_passage": 4.877951370926022,
  "triples_per_example": 97.52875465453042,
  "answer_path_hyperedges_per_example": 27.44145635084816,
  "cooccurrence_hyperedges_per_example": 19.984691766652876,
  "empty_extraction_examples": 0,
  "empty_extraction_rate": 0.0,
  "gold_support_examples": 2417,
  "gold_support_coverage": 1.0,
  "triple_score_distributions": {
    "factual_confidence": {
      "n": 235727,
      "mean": 0.9919786447882508,
      "std": 0.03879357416096506,
      "min": 0.0,
      "p25": 1.0,
      "p50": 1.0,
      "p75": 1.0,
      "max": 1.0,
      "unique_rounded": [
        0.0,
        0.2,
        0.3,
        0.5,
        0.6,
        0.7,
        0.8,
        0.9,
        0.95,
        1.0
      ]
    },
    "semantic_salience": {
      "n": 235727,
      "mean": 0.76311029283875,
      "std": 0.1407586096461524,
      "min": 0.0,
      "p25": 0.7,
      "p50": 0.8,
      "p75": 0.9,
      "max": 1.0,
      "unique_rounded": [
        0.0,
        0.2,
        0.3,
        0.4,
        0.5,
        0.6,
        0.7,
        0.8,
        0.85,
        0.9,
        0.95,
        1.0
      ]
    },
    "bridge_potential": {
      "n": 235727,
      "mean": 0.5536714080270821,
      "std": 0.16387432450504347,
      "min": 0.0,
      "p25": 0.4,
      "p50": 0.6,
      "p75": 0.7,
      "max": 1.0,
      "unique_rounded": [
        0.0,
        0.1,
        0.2,
        0.3,
        0.4,
        0.5,
        0.6,
        0.7,
        0.8,
        0.9,
        1.0
      ]
    }
  },
  "hyperedge_score_distributions": {
    "factual_confidence": {
      "n": 66326,
      "mean": 0.9925177924713704,
      "std": 0.02901723137970026,
      "min": 0.44999999999999996,
      "p25": 1.0,
      "p50": 1.0,
      "p75": 1.0,
      "max": 1.0,
      "unique_rounded": [
        0.45,
        0.5,
        0.55,
        0.6,
        0.63,
        0.64,
        0.65,
        0.67,
        0.68,
        0.7,
        0.72,
        0.73,
        0.75,
        0.76,
        0.77,
        0.78,
        0.8,
        0.82,
        0.83,
        0.84,
        0.85,
        0.86,
        0.87,
        0.88,
        0.89
      ]
    },
    "semantic_salience": {
      "n": 66326,
      "mean": 0.7734355332492654,
      "std": 0.08655852419724326,
      "min": 0.3,
      "p25": 0.7200000000000001,
      "p50": 0.78,
      "p75": 0.8333333333333334,
      "max": 1.0,
      "unique_rounded": [
        0.3,
        0.33,
        0.35,
        0.4,
        0.42,
        0.44,
        0.45,
        0.47,
        0.49,
        0.5,
        0.51,
        0.52,
        0.53,
        0.54,
        0.55,
        0.56,
        0.57,
        0.58,
        0.59,
        0.6,
        0.61,
        0.62,
        0.63,
        0.64,
        0.65
      ]
    },
    "bridge_potential": {
      "n": 66326,
      "mean": 0.7020746012121943,
      "std": 0.12215674695662179,
      "min": 0.2,
      "p25": 0.6,
      "p50": 0.7,
      "p75": 0.8,
      "max": 1.0,
      "unique_rounded": [
        0.2,
        0.3,
        0.4,
        0.5,
        0.6,
        0.7,
        0.8,
        0.9,
        1.0
      ]
    }
  }
}