{
  "recall@5": 49.98620879878637,
  "all_recall@5": 16.756309474555234,
  "recall@10": 67.68721555647497,
  "all_recall@10": 36.73976003309888,
  "mrr": 0.677807330351807,
  "gold_rank": 2.143152668597435,
  "em": 36.905254447662394,
  "f1": 37.7136378912882,
  "answer_support_rate": 36.905254447662394,
  "latency_seconds": 0.00028300870869410434,
  "avg_retrieval_tokens": 415.48696731485313
}