{
  "recall@5": 48.807061095021375,
  "all_recall@5": 14.067025237898221,
  "recall@10": 65.76334298717418,
  "all_recall@10": 32.726520479933804,
  "mrr": 0.6633267332584668,
  "gold_rank": 2.206040546131568,
  "em": 35.581299131154324,
  "f1": 36.378254086934604,
  "answer_support_rate": 35.581299131154324,
  "latency_seconds": 0.0012723278533821455,
  "avg_retrieval_tokens": 426.69549027720313
}