{
  "all_recall@10": 99.00604325699746,
  "all_recall@5": 92.37436386768448,
  "answer_support_rate": 88.06456743002545,
  "avg_retrieval_tokens": 428.7159669211196,
  "em": 88.06456743002545,
  "f1": 88.28173221566098,
  "gold_rank": 1.09375,
  "latency_seconds": 0.0,
  "mrr": 0.9634677036633144,
  "recall@10": 99.55470737913485,
  "recall@5": 96.49729643765903
}