{
  "all_recall@10": 100.0,
  "all_recall@5": 63.79611959287532,
  "answer_support_rate": 76.97996183206106,
  "avg_retrieval_tokens": 381.66086195928756,
  "em": 76.97996183206106,
  "f1": 77.55379485208934,
  "gold_rank": 1.1083810432569974,
  "latency_seconds": 0.0,
  "mrr": 0.9604744108203077,
  "recall@10": 100.0,
  "recall@5": 84.05693384223919
}