{
  "all_recall@10": 100.0,
  "all_recall@5": 92.39821882951654,
  "answer_support_rate": 88.0884223918575,
  "avg_retrieval_tokens": 432.460082697201,
  "em": 88.0884223918575,
  "f1": 88.30558717749305,
  "gold_rank": 1.1040871501272265,
  "latency_seconds": 0.0,
  "mrr": 0.9585995244153641,
  "recall@10": 100.0,
  "recall@5": 96.50922391857506
}