{
  "all_recall@10": 100.0,
  "all_recall@5": 93.15362595419847,
  "answer_support_rate": 88.54166666666667,
  "avg_retrieval_tokens": 432.7682092875318,
  "em": 88.54166666666667,
  "f1": 88.74482563199868,
  "gold_rank": 1.067191475826972,
  "latency_seconds": 0.0,
  "mrr": 0.9726139358415121,
  "recall@10": 100.0,
  "recall@5": 96.92668575063614
}