{
  "all_recall@10": 100.0,
  "all_recall@5": 65.88740458015268,
  "answer_support_rate": 78.56234096692111,
  "avg_retrieval_tokens": 385.41603053435114,
  "em": 78.56234096692111,
  "f1": 79.12520062870391,
  "gold_rank": 1.0989185750636132,
  "latency_seconds": 0.0,
  "mrr": 0.9607940231330021,
  "recall@10": 100.0,
  "recall@5": 85.24371819338423
}