{
  "all_recall@10": 100.0,
  "all_recall@5": 64.86164122137404,
  "answer_support_rate": 77.57633587786259,
  "avg_retrieval_tokens": 383.65966921119593,
  "em": 77.57633587786259,
  "f1": 78.14721144937886,
  "gold_rank": 1.1025763358778626,
  "latency_seconds": 0.0,
  "mrr": 0.9606199702633386,
  "recall@10": 100.0,
  "recall@5": 84.7268606870229
}