{
  "all_recall@10": 100.0,
  "all_recall@5": 81.84637404580153,
  "answer_support_rate": 86.10050890585242,
  "avg_retrieval_tokens": 419.92891221374043,
  "em": 86.10050890585242,
  "f1": 86.43696021372688,
  "gold_rank": 1.0571723918575064,
  "latency_seconds": 0.0,
  "mrr": 0.9758729148996325,
  "recall@10": 100.0,
  "recall@5": 93.08007315521628
}