{
  "seed": 29,
  "protocol": "train_to_dev",
  "split": {
    "seed": 29,
    "protocol": "train_to_dev",
    "train_alignment": {
      "examples": 10000,
      "aligned_examples": 10000,
      "missing_examples": 0,
      "missing_rate": 0.0
    },
    "dev_alignment": {
      "examples": 12576,
      "aligned_examples": 12576,
      "missing_examples": 0,
      "missing_rate": 0.0
    },
    "train_examples": 10000,
    "heldout_examples": 12576,
    "train_percent": 60,
    "split_salt": "phase1d_dense_aware_controller_20260524"
  },
  "metrics": {
    "colbertv2": {
      "all_recall@10": 100.0,
      "all_recall@5": 64.11418575063614,
      "answer_support_rate": 77.19465648854961,
      "avg_retrieval_tokens": 382.29699427480915,
      "em": 77.19465648854961,
      "f1": 77.76259809482275,
      "gold_rank": 1.1072678117048347,
      "latency_seconds": 0.0,
      "mrr": 0.9604941637384385,
      "recall@10": 100.0,
      "recall@5": 84.15235368956743
    },
    "phase1c_mlp_topk_4": {
      "all_recall@10": 99.00604325699746,
      "all_recall@5": 92.37436386768448,
      "answer_support_rate": 88.06456743002545,
      "avg_retrieval_tokens": 428.7159669211196,
      "em": 88.06456743002545,
      "f1": 88.28173221566098,
      "gold_rank": 1.09375,
      "latency_seconds": 0.0,
      "mrr": 0.9634677036633144,
      "recall@10": 99.55470737913485,
      "recall@5": 96.49729643765903
    },
    "rrf_dense_hkvm": {
      "all_recall@10": 100.0,
      "all_recall@5": 81.84637404580153,
      "answer_support_rate": 86.10050890585242,
      "avg_retrieval_tokens": 419.92891221374043,
      "em": 86.10050890585242,
      "f1": 86.43696021372688,
      "gold_rank": 1.0571723918575064,
      "latency_seconds": 0.0,
      "mrr": 0.9758729148996325,
      "recall@10": 100.0,
      "recall@5": 93.08007315521628
    },
    "rrf_dense_hkvm_bm25": {
      "all_recall@10": 100.0,
      "all_recall@5": 81.84637404580153,
      "answer_support_rate": 86.10050890585242,
      "avg_retrieval_tokens": 419.92891221374043,
      "em": 86.10050890585242,
      "f1": 86.43696021372688,
      "gold_rank": 1.0571723918575064,
      "latency_seconds": 0.0,
      "mrr": 0.9758729148996325,
      "recall@10": 100.0,
      "recall@5": 93.08007315521628
    },
    "quota_dense4_hkvm1": {
      "all_recall@10": 100.0,
      "all_recall@5": 64.86164122137404,
      "answer_support_rate": 77.57633587786259,
      "avg_retrieval_tokens": 383.65966921119593,
      "em": 77.57633587786259,
      "f1": 78.14721144937886,
      "gold_rank": 1.1025763358778626,
      "latency_seconds": 0.0,
      "mrr": 0.9606199702633386,
      "recall@10": 100.0,
      "recall@5": 84.7268606870229
    },
    "quota_dense3_hkvm2": {
      "all_recall@10": 100.0,
      "all_recall@5": 65.88740458015268,
      "answer_support_rate": 78.56234096692111,
      "avg_retrieval_tokens": 385.41603053435114,
      "em": 78.56234096692111,
      "f1": 79.12520062870391,
      "gold_rank": 1.0989185750636132,
      "latency_seconds": 0.0,
      "mrr": 0.9607940231330021,
      "recall@10": 100.0,
      "recall@5": 85.24371819338423
    },
    "controller_dense_only": {
      "all_recall@10": 100.0,
      "all_recall@5": 63.79611959287532,
      "answer_support_rate": 76.97996183206106,
      "avg_retrieval_tokens": 381.66086195928756,
      "em": 76.97996183206106,
      "f1": 77.55379485208934,
      "gold_rank": 1.1083810432569974,
      "latency_seconds": 0.0,
      "mrr": 0.9604744108203077,
      "recall@10": 100.0,
      "recall@5": 84.05693384223919
    },
    "controller_hkvm_only": {
      "all_recall@10": 100.0,
      "all_recall@5": 92.39821882951654,
      "answer_support_rate": 88.0884223918575,
      "avg_retrieval_tokens": 432.460082697201,
      "em": 88.0884223918575,
      "f1": 88.30558717749305,
      "gold_rank": 1.1040871501272265,
      "latency_seconds": 0.0,
      "mrr": 0.9585995244153641,
      "recall@10": 100.0,
      "recall@5": 96.50922391857506
    },
    "controller_dense_hkvm": {
      "all_recall@10": 100.0,
      "all_recall@5": 93.15362595419847,
      "answer_support_rate": 88.54166666666667,
      "avg_retrieval_tokens": 432.7682092875318,
      "em": 88.54166666666667,
      "f1": 88.74482563199868,
      "gold_rank": 1.067191475826972,
      "latency_seconds": 0.0,
      "mrr": 0.9726139358415121,
      "recall@10": 100.0,
      "recall@5": 96.92668575063614
    }
  },
  "bootstrap_vs_dense": [
    {
      "seed": 29,
      "reference": "colbertv2",
      "candidate": "controller_dense_hkvm",
      "metric": "f1",
      "mean_diff": 10.98222753717592,
      "ci_low": 10.374419132530184,
      "ci_high": 11.562799653104708,
      "p_diff_le_0": 0.0
    },
    {
      "seed": 29,
      "reference": "colbertv2",
      "candidate": "controller_dense_hkvm",
      "metric": "em",
      "mean_diff": 11.34701017811705,
      "ci_low": 10.694974554707379,
      "ci_high": 11.999045801526718,
      "p_diff_le_0": 0.0
    },
    {
      "seed": 29,
      "reference": "colbertv2",
      "candidate": "controller_dense_hkvm",
      "metric": "all_recall@10",
      "mean_diff": 0.0,
      "ci_low": 0.0,
      "ci_high": 0.0,
      "p_diff_le_0": 1.0
    },
    {
      "seed": 29,
      "reference": "colbertv2",
      "candidate": "controller_dense_only",
      "metric": "f1",
      "mean_diff": -0.20880324273341785,
      "ci_low": -0.5077952503370665,
      "ci_high": 0.061070433032433424,
      "p_diff_le_0": 0.924
    },
    {
      "seed": 29,
      "reference": "colbertv2",
      "candidate": "controller_dense_only",
      "metric": "em",
      "mean_diff": -0.21469465648854963,
      "ci_low": -0.5248091603053435,
      "ci_high": 0.0715648854961832,
      "p_diff_le_0": 0.934
    },
    {
      "seed": 29,
      "reference": "colbertv2",
      "candidate": "controller_dense_only",
      "metric": "all_recall@10",
      "mean_diff": 0.0,
      "ci_low": 0.0,
      "ci_high": 0.0,
      "p_diff_le_0": 1.0
    },
    {
      "seed": 29,
      "reference": "colbertv2",
      "candidate": "controller_hkvm_only",
      "metric": "f1",
      "mean_diff": 10.542989082670292,
      "ci_low": 9.887643621190714,
      "ci_high": 11.152558545639575,
      "p_diff_le_0": 0.0
    },
    {
      "seed": 29,
      "reference": "colbertv2",
      "candidate": "controller_hkvm_only",
      "metric": "em",
      "mean_diff": 10.893765903307887,
      "ci_low": 10.24968193384224,
      "ci_high": 11.545801526717558,
      "p_diff_le_0": 0.0
    },
    {
      "seed": 29,
      "reference": "colbertv2",
      "candidate": "controller_hkvm_only",
      "metric": "all_recall@10",
      "mean_diff": 0.0,
      "ci_low": 0.0,
      "ci_high": 0.0,
      "p_diff_le_0": 1.0
    },
    {
      "seed": 29,
      "reference": "colbertv2",
      "candidate": "phase1c_mlp_topk_4",
      "metric": "f1",
      "mean_diff": 10.519134120838231,
      "ci_low": 9.892101925403228,
      "ci_high": 11.176839452247565,
      "p_diff_le_0": 0.0
    },
    {
      "seed": 29,
      "reference": "colbertv2",
      "candidate": "phase1c_mlp_topk_4",
      "metric": "em",
      "mean_diff": 10.869910941475826,
      "ci_low": 10.24968193384224,
      "ci_high": 11.506043256997456,
      "p_diff_le_0": 0.0
    },
    {
      "seed": 29,
      "reference": "colbertv2",
      "candidate": "phase1c_mlp_topk_4",
      "metric": "all_recall@10",
      "mean_diff": -0.9939567430025446,
      "ci_low": -1.160941475826972,
      "ci_high": -0.8269720101781171,
      "p_diff_le_0": 1.0
    },
    {
      "seed": 29,
      "reference": "colbertv2",
      "candidate": "quota_dense3_hkvm2",
      "metric": "f1",
      "mean_diff": 1.3626025338811598,
      "ci_low": 1.1518596084435777,
      "ci_high": 1.5756058861974893,
      "p_diff_le_0": 0.0
    },
    {
      "seed": 29,
      "reference": "colbertv2",
      "candidate": "quota_dense3_hkvm2",
      "metric": "em",
      "mean_diff": 1.3676844783715012,