{
  "all_recall@10": 99.12531806615776,
  "all_recall@5": 92.70833333333333,
  "answer_support_rate": 88.31902035623409,
  "avg_retrieval_tokens": 432.64312977099235,
  "em": 88.31902035623409,
  "f1": 88.52217686187151,
  "gold_rank": 1.0897741730279897,
  "latency_seconds": 0.0,
  "mrr": 0.9646471989983441,
  "recall@10": 99.61235687022901,
  "recall@5": 96.6404262086514
}