{
  "all_recall@10": 100.0,
  "all_recall@5": 64.11418575063614,
  "answer_support_rate": 77.19465648854961,
  "avg_retrieval_tokens": 382.29699427480915,
  "em": 77.19465648854961,
  "f1": 77.76259809482275,
  "gold_rank": 1.1072678117048347,
  "latency_seconds": 0.0,
  "mrr": 0.9604941637384385,
  "recall@10": 100.0,
  "recall@5": 84.15235368956743
}