{
  "all_recall@10": 100.0,
  "all_recall@5": 93.51940203562341,
  "answer_support_rate": 88.8279262086514,
  "avg_retrieval_tokens": 435.9941157760814,
  "em": 88.8279262086514,
  "f1": 88.99977655225747,
  "gold_rank": 1.0659192111959288,
  "latency_seconds": 0.0,
  "mrr": 0.9724349289652248,
  "recall@10": 100.0,
  "recall@5": 97.10361005089058
}