{
  "all_recall@10": 100.0,
  "all_recall@5": 92.7321882951654,
  "answer_support_rate": 88.34287531806616,
  "avg_retrieval_tokens": 435.946167302799,
  "em": 88.34287531806616,
  "f1": 88.54603182370359,
  "gold_rank": 1.0951017811704835,
  "latency_seconds": 0.0,
  "mrr": 0.962350054525627,
  "recall@10": 100.0,
  "recall@5": 96.65235368956743
}