{
  "all_recall@10": 100.0,
  "all_recall@5": 64.09828244274809,
  "answer_support_rate": 77.17875318066157,
  "avg_retrieval_tokens": 382.27520674300257,
  "em": 77.17875318066157,
  "f1": 77.74783073749815,
  "gold_rank": 1.1079834605597965,
  "latency_seconds": 0.0,
  "mrr": 0.9604821731491578,
  "recall@10": 100.0,
  "recall@5": 84.14241412213741
}