{
  "all_recall@10": 100.0,
  "all_recall@5": 64.8854961832061,
  "answer_support_rate": 77.56043256997455,
  "avg_retrieval_tokens": 383.7003816793893,
  "em": 77.56043256997455,
  "f1": 78.12296406826124,
  "gold_rank": 1.1025763358778626,
  "latency_seconds": 0.0,
  "mrr": 0.9606199702633386,
  "recall@10": 100.0,
  "recall@5": 84.72884860050891
}