{
  "all_recall@10": 100.0,
  "all_recall@5": 65.95896946564885,
  "answer_support_rate": 78.60209923664122,
  "avg_retrieval_tokens": 385.4950699745547,
  "em": 78.60209923664122,
  "f1": 79.15318115644588,
  "gold_rank": 1.0989185750636132,
  "latency_seconds": 0.0,
  "mrr": 0.9607940231330021,
  "recall@10": 100.0,
  "recall@5": 85.26956106870229
}