{
  "all_recall@10": 100.0,
  "all_recall@5": 82.17239185750635,
  "answer_support_rate": 86.36291348600508,
  "avg_retrieval_tokens": 422.4583333333333,
  "em": 86.36291348600508,
  "f1": 86.70105989338,
  "gold_rank": 1.0554230279898218,
  "latency_seconds": 0.0,
  "mrr": 0.9767332396805202,
  "recall@10": 100.0,
  "recall@5": 93.2430820610687
}