{
  "recall@5": 76.2660364618501,
  "all_recall@5": 57.704253882511814,
  "recall@10": 99.06819716407833,
  "all_recall@10": 98.20391627278866,
  "mrr": 0.7531383771154196,
  "gold_rank": 1.9047940580688725,
  "em": 70.72248480756245,
  "f1": 71.07412325706801,
  "answer_support_rate": 70.72248480756245,
  "latency_seconds": 0.0002685249324354729,
  "avg_retrieval_tokens": 436.5039837947333
}