{
  "recall@5": 48.44848986346711,
  "all_recall@5": 12.78444352503103,
  "recall@10": 65.32547234864157,
  "all_recall@10": 31.73355399255275,
  "mrr": 0.6716052301488793,
  "gold_rank": 2.1634257343814647,
  "em": 34.712453454695904,
  "f1": 35.631962302834644,
  "answer_support_rate": 34.712453454695904,
  "latency_seconds": 0.00027736558583339645,
  "avg_retrieval_tokens": 428.3711212246587
}