{
  "datasets": {
    "hotpotqa": {
      "methods": {
        "contriever": {
          "mean": {
            "all_recall@10": 100.0,
            "all_recall@5": 71.3301823092505,
            "answer_support_rate": 79.72991222147198,
            "avg_retrieval_tokens": 400.7443619176232,
            "em": 79.72991222147198,
            "f1": 79.93030391338371,
            "gold_rank": 1.3786630654962864,
            "latency_seconds": 0.02691766245604222,
            "mrr": 0.8848226209232286,
            "recall@10": 100.0,
            "recall@5": 84.8885887913572
          },
          "std": {
            "all_recall@10": 0.0,
            "all_recall@5": 0.0,
            "answer_support_rate": 0.0,
            "avg_retrieval_tokens": 0.0,
            "em": 0.0,
            "f1": 0.0,
            "gold_rank": 0.0,
            "latency_seconds": 0.0033339513490759213,
            "mrr": 0.0,
            "recall@10": 0.0,
            "recall@5": 0.0
          },
          "seeds": {
            "13": {
              "recall@5": 84.8885887913572,
              "all_recall@5": 71.3301823092505,
              "recall@10": 100.0,
              "all_recall@10": 100.0,
              "mrr": 0.8848226209232286,
              "gold_rank": 1.3786630654962864,
              "em": 79.72991222147198,
              "f1": 79.93030391338371,
              "answer_support_rate": 79.72991222147198,
              "latency_seconds": 0.02237819311770898,
              "avg_retrieval_tokens": 400.7443619176232
            },
            "29": {
              "recall@5": 84.8885887913572,
              "all_recall@5": 71.3301823092505,
              "recall@10": 100.0,
              "all_recall@10": 100.0,
              "mrr": 0.8848226209232286,
              "gold_rank": 1.3786630654962864,
              "em": 79.72991222147198,
              "f1": 79.93030391338371,
              "answer_support_rate": 79.72991222147198,
              "latency_seconds": 0.028083875040356435,
              "avg_retrieval_tokens": 400.7443619176232
            },
            "43": {
              "recall@5": 84.8885887913572,
              "all_recall@5": 71.3301823092505,
              "recall@10": 100.0,
              "all_recall@10": 100.0,
              "mrr": 0.8848226209232286,
              "gold_rank": 1.3786630654962864,
              "em": 79.72991222147198,
              "f1": 79.93030391338371,
              "answer_support_rate": 79.72991222147198,
              "latency_seconds": 0.03029091921006125,
              "avg_retrieval_tokens": 400.7443619176232
            }
          }
        }
      }
    }
  }
}