{
  "all_recall@10": 96.47535449020931,
  "all_recall@5": 74.22012153950034,
  "answer_support_rate": 82.82241728561783,
  "avg_retrieval_tokens": 439.4837272113437,
  "em": 82.82241728561783,
  "f1": 83.0512245937237,
  "gold_rank": 1.4241728561782578,
  "latency_seconds": 0.0,
  "mrr": 0.8711444433726675,
  "recall@10": 98.19041188386225,
  "recall@5": 86.10398379473328
}