{
  "all_recall@10": 100.0,
  "all_recall@5": 80.22957461174882,
  "answer_support_rate": 85.77987846049966,
  "avg_retrieval_tokens": 442.8044564483457,
  "em": 85.77987846049966,
  "f1": 85.9530252286172,
  "gold_rank": 1.1908170155300473,
  "latency_seconds": 0.0,
  "mrr": 0.9329154475204442,
  "recall@10": 100.0,
  "recall@5": 89.85820391627279
}