{
  "all_recall@10": 100.0,
  "all_recall@5": 67.4814314652262,
  "answer_support_rate": 79.77042538825118,
  "avg_retrieval_tokens": 458.23916272788654,
  "em": 79.77042538825118,
  "f1": 80.01409553042309,
  "gold_rank": 1.249291019581364,
  "latency_seconds": 0.0,
  "mrr": 0.9237581856960655,
  "recall@10": 100.0,
  "recall@5": 83.13301823092505
}