{
  "all_recall@10": 100.0,
  "all_recall@5": 74.22012153950034,
  "answer_support_rate": 82.82241728561783,
  "avg_retrieval_tokens": 439.8525320729237,
  "em": 82.82241728561783,
  "f1": 83.0512245937237,
  "gold_rank": 1.4291694800810264,
  "latency_seconds": 0.0,
  "mrr": 0.871317803286068,
  "recall@10": 100.0,
  "recall@5": 86.10398379473328
}