{
  "all_recall@10": 100.0,
  "all_recall@5": 71.43821742066172,
  "answer_support_rate": 80.74274139095206,
  "avg_retrieval_tokens": 437.7910871033086,
  "em": 80.74274139095206,
  "f1": 80.9518096789813,
  "gold_rank": 1.2348413234301148,
  "latency_seconds": 0.0,
  "mrr": 0.9243283174174464,
  "recall@10": 100.0,
  "recall@5": 85.36124240378123
}