{
  "all_recall@10": 100.0,
  "all_recall@5": 71.41120864280892,
  "answer_support_rate": 80.70222822417286,
  "avg_retrieval_tokens": 437.74692775151925,
  "em": 80.70222822417286,
  "f1": 80.9112965122021,
  "gold_rank": 1.2411883862255233,
  "latency_seconds": 0.0,
  "mrr": 0.9240109642776759,
  "recall@10": 100.0,
  "recall@5": 85.34773801485483
}