{
  "all_recall@10": 100.0,
  "all_recall@5": 76.07022282241729,
  "answer_support_rate": 83.10600945307225,
  "avg_retrieval_tokens": 433.00054017555703,
  "em": 83.10600945307225,
  "f1": 83.298773091441,
  "gold_rank": 1.2522619851451722,
  "latency_seconds": 0.0,
  "mrr": 0.9173111797048327,
  "recall@10": 100.0,
  "recall@5": 87.609723160027
}