{
  "seed": 43,
  "protocol": "train_to_dev",
  "split": {
    "seed": 43,
    "protocol": "train_to_dev",
    "train_alignment": {
      "examples": 10000,
      "aligned_examples": 10000,
      "missing_examples": 0,
      "missing_rate": 0.0
    },
    "dev_alignment": {
      "examples": 7405,
      "aligned_examples": 7405,
      "missing_examples": 0,
      "missing_rate": 0.0
    },
    "train_examples": 10000,
    "heldout_examples": 7405,
    "train_percent": 60,
    "split_salt": "phase1d_dense_aware_controller_20260524"
  },
  "metrics": {
    "colbertv2": {
      "all_recall@10": 100.0,
      "all_recall@5": 68.19716407832546,
      "answer_support_rate": 79.63538149898717,
      "avg_retrieval_tokens": 438.21404456448346,
      "em": 79.63538149898717,
      "f1": 79.84400128960641,
      "gold_rank": 1.2461850101282916,
      "latency_seconds": 0.0,
      "mrr": 0.9238724371134904,
      "recall@10": 100.0,
      "recall@5": 83.60567184334909
    },
    "phase1c_mlp_topk_4": {
      "all_recall@10": 96.47535449020931,
      "all_recall@5": 74.22012153950034,
      "answer_support_rate": 82.82241728561783,
      "avg_retrieval_tokens": 439.4837272113437,
      "em": 82.82241728561783,
      "f1": 83.0512245937237,
      "gold_rank": 1.4241728561782578,
      "latency_seconds": 0.0,
      "mrr": 0.8711444433726675,
      "recall@10": 98.19041188386225,
      "recall@5": 86.10398379473328
    },
    "rrf_dense_hkvm": {
      "all_recall@10": 100.0,
      "all_recall@5": 76.07022282241729,
      "answer_support_rate": 83.10600945307225,
      "avg_retrieval_tokens": 433.00054017555703,
      "em": 83.10600945307225,
      "f1": 83.298773091441,
      "gold_rank": 1.2522619851451722,
      "latency_seconds": 0.0,
      "mrr": 0.9173111797048327,
      "recall@10": 100.0,
      "recall@5": 87.609723160027
    },
    "rrf_dense_hkvm_bm25": {
      "all_recall@10": 100.0,
      "all_recall@5": 76.07022282241729,
      "answer_support_rate": 83.10600945307225,
      "avg_retrieval_tokens": 433.00054017555703,
      "em": 83.10600945307225,
      "f1": 83.298773091441,
      "gold_rank": 1.2522619851451722,
      "latency_seconds": 0.0,
      "mrr": 0.9173111797048327,
      "recall@10": 100.0,
      "recall@5": 87.609723160027
    },
    "quota_dense4_hkvm1": {
      "all_recall@10": 100.0,
      "all_recall@5": 71.41120864280892,
      "answer_support_rate": 80.70222822417286,
      "avg_retrieval_tokens": 437.74692775151925,
      "em": 80.70222822417286,
      "f1": 80.9112965122021,
      "gold_rank": 1.2411883862255233,
      "latency_seconds": 0.0,
      "mrr": 0.9240109642776759,
      "recall@10": 100.0,
      "recall@5": 85.34773801485483
    },
    "quota_dense3_hkvm2": {
      "all_recall@10": 100.0,
      "all_recall@5": 71.43821742066172,
      "answer_support_rate": 80.74274139095206,
      "avg_retrieval_tokens": 437.7910871033086,
      "em": 80.74274139095206,
      "f1": 80.9518096789813,
      "gold_rank": 1.2348413234301148,
      "latency_seconds": 0.0,
      "mrr": 0.9243283174174464,
      "recall@10": 100.0,
      "recall@5": 85.36124240378123
    },
    "controller_dense_only": {
      "all_recall@10": 100.0,
      "all_recall@5": 67.4814314652262,
      "answer_support_rate": 79.77042538825118,
      "avg_retrieval_tokens": 458.23916272788654,
      "em": 79.77042538825118,
      "f1": 80.01409553042309,
      "gold_rank": 1.249291019581364,
      "latency_seconds": 0.0,
      "mrr": 0.9237581856960655,
      "recall@10": 100.0,
      "recall@5": 83.13301823092505
    },
    "controller_hkvm_only": {
      "all_recall@10": 100.0,
      "all_recall@5": 74.22012153950034,
      "answer_support_rate": 82.82241728561783,
      "avg_retrieval_tokens": 439.8525320729237,
      "em": 82.82241728561783,
      "f1": 83.0512245937237,
      "gold_rank": 1.4291694800810264,
      "latency_seconds": 0.0,
      "mrr": 0.871317803286068,
      "recall@10": 100.0,
      "recall@5": 86.10398379473328
    },
    "controller_dense_hkvm": {
      "all_recall@10": 100.0,
      "all_recall@5": 80.22957461174882,
      "answer_support_rate": 85.77987846049966,
      "avg_retrieval_tokens": 442.8044564483457,
      "em": 85.77987846049966,
      "f1": 85.9530252286172,
      "gold_rank": 1.1908170155300473,
      "latency_seconds": 0.0,
      "mrr": 0.9329154475204442,
      "recall@10": 100.0,
      "recall@5": 89.85820391627279
    }
  },
  "bootstrap_vs_dense": [
    {
      "seed": 43,
      "reference": "colbertv2",
      "candidate": "controller_dense_hkvm",
      "metric": "f1",
      "mean_diff": 6.1090239390107905,
      "ci_low": 5.30687329543742,
      "ci_high": 6.921353147597653,
      "p_diff_le_0": 0.0
    },
    {
      "seed": 43,
      "reference": "colbertv2",
      "candidate": "controller_dense_hkvm",
      "metric": "em",
      "mean_diff": 6.144496961512491,
      "ci_low": 5.334233625928427,
      "ci_high": 6.914247130317353,
      "p_diff_le_0": 0.0
    },
    {
      "seed": 43,
      "reference": "colbertv2",
      "candidate": "controller_dense_hkvm",
      "metric": "all_recall@10",
      "mean_diff": 0.0,
      "ci_low": 0.0,
      "ci_high": 0.0,
      "p_diff_le_0": 1.0
    },
    {
      "seed": 43,
      "reference": "colbertv2",
      "candidate": "controller_dense_only",
      "metric": "f1",
      "mean_diff": 0.1700942408166838,
      "ci_low": -0.6590964874287374,
      "ci_high": 0.8599696808379331,
      "p_diff_le_0": 0.347
    },
    {
      "seed": 43,
      "reference": "colbertv2",
      "candidate": "controller_dense_only",
      "metric": "em",
      "mean_diff": 0.1350438892640108,
      "ci_low": -0.675219446320054,
      "ci_high": 0.8777852802160703,
      "p_diff_le_0": 0.392
    },
    {
      "seed": 43,
      "reference": "colbertv2",
      "candidate": "controller_dense_only",
      "metric": "all_recall@10",
      "mean_diff": 0.0,
      "ci_low": 0.0,
      "ci_high": 0.0,
      "p_diff_le_0": 1.0
    },
    {
      "seed": 43,
      "reference": "colbertv2",
      "candidate": "controller_hkvm_only",
      "metric": "f1",
      "mean_diff": 3.2072233041172935,
      "ci_low": 2.2322708051945055,
      "ci_high": 4.1023028023862125,
      "p_diff_le_0": 0.0
    },
    {
      "seed": 43,
      "reference": "colbertv2",
      "candidate": "controller_hkvm_only",
      "metric": "em",
      "mean_diff": 3.187035786630655,
      "ci_low": 2.2687373396353814,
      "ci_high": 4.159351789331533,
      "p_diff_le_0": 0.0
    },
    {
      "seed": 43,
      "reference": "colbertv2",
      "candidate": "controller_hkvm_only",
      "metric": "all_recall@10",
      "mean_diff": 0.0,
      "ci_low": 0.0,
      "ci_high": 0.0,
      "p_diff_le_0": 1.0
    },
    {
      "seed": 43,
      "reference": "colbertv2",
      "candidate": "phase1c_mlp_topk_4",
      "metric": "f1",
      "mean_diff": 3.2072233041172935,
      "ci_low": 2.193741485992349,
      "ci_high": 4.188613921902241,
      "p_diff_le_0": 0.0
    },
    {
      "seed": 43,
      "reference": "colbertv2",
      "candidate": "phase1c_mlp_topk_4",
      "metric": "em",
      "mean_diff": 3.187035786630655,
      "ci_low": 2.2417285617825793,
      "ci_high": 4.186360567184335,
      "p_diff_le_0": 0.0
    },
    {
      "seed": 43,
      "reference": "colbertv2",
      "candidate": "phase1c_mlp_topk_4",
      "metric": "all_recall@10",
      "mean_diff": -3.524645509790682,
      "ci_low": -3.9567859554355165,
      "ci_high": -3.1060094530722484,
      "p_diff_le_0": 1.0
    },
    {
      "seed": 43,
      "reference": "colbertv2",
      "candidate": "quota_dense3_hkvm2",
      "metric": "f1",
      "mean_diff": 1.1078083893748985,
      "ci_low": 0.7813253593132055,
      "ci_high": 1.43092109331137,
      "p_diff_le_0": 0.0
    },
    {
      "seed": 43,
      "reference": "colbertv2",
      "candidate": "quota_dense3_hkvm2",
      "metric": "em",
      "mean_diff": 1.1073598919648886,
      "ci_low": 0.7832545577312626,