{
  "all_recall@10": 96.43484132343012,
  "all_recall@5": 74.00405131667792,
  "answer_support_rate": 82.60634706279541,
  "avg_retrieval_tokens": 438.2033760972316,
  "em": 82.60634706279541,
  "f1": 82.82840315078072,
  "gold_rank": 1.437407157326131,
  "latency_seconds": 0.0,
  "mrr": 0.8680163553154775,
  "recall@10": 98.17690749493586,
  "recall@5": 85.97569209993247
}