{
  "all_recall@10": 100.0,
  "all_recall@5": 67.4544226873734,
  "answer_support_rate": 79.72991222147198,
  "avg_retrieval_tokens": 452.84550979068194,
  "em": 79.72991222147198,
  "f1": 79.96714005422663,
  "gold_rank": 1.2469952734638758,
  "latency_seconds": 0.0,
  "mrr": 0.9238453747467927,
  "recall@10": 100.0,
  "recall@5": 83.20054017555705
}