{
  "all_recall@10": 100.0,
  "all_recall@5": 79.47332883187036,
  "answer_support_rate": 85.46927751519243,
  "avg_retrieval_tokens": 437.8422687373396,
  "em": 85.46927751519243,
  "f1": 85.65647265522465,
  "gold_rank": 1.2340310600945308,
  "latency_seconds": 0.0,
  "mrr": 0.9196178043578449,
  "recall@10": 100.0,
  "recall@5": 89.46657663740716
}