{
  "all_recall@10": 100.0,
  "all_recall@5": 74.00405131667792,
  "answer_support_rate": 82.60634706279541,
  "avg_retrieval_tokens": 438.6135043889264,
  "em": 82.60634706279541,
  "f1": 82.82840315078072,
  "gold_rank": 1.4445644834571236,
  "latency_seconds": 0.0,
  "mrr": 0.86810826018456,
  "recall@10": 100.0,
  "recall@5": 85.97569209993247
}