{
  "all_recall@10": 100.0,
  "all_recall@5": 71.42471303173531,
  "answer_support_rate": 80.68872383524645,
  "avg_retrieval_tokens": 437.6293045239703,
  "em": 80.68872383524645,
  "f1": 80.89479114795873,
  "gold_rank": 1.2337609723160028,
  "latency_seconds": 0.0,
  "mrr": 0.9243722066814571,
  "recall@10": 100.0,
  "recall@5": 85.36124240378123
}