{
  "all_recall@10": 100.0,
  "all_recall@5": 71.39770425388251,
  "answer_support_rate": 80.64821066846726,
  "avg_retrieval_tokens": 437.5905469277515,
  "em": 80.64821066846726,
  "f1": 80.85427798117952,
  "gold_rank": 1.2407832545577313,
  "latency_seconds": 0.0,
  "mrr": 0.9240210925693707,
  "recall@10": 100.0,
  "recall@5": 85.34773801485483
}