{
  "all_recall@10": 100.0,
  "all_recall@5": 75.96218771100608,
  "answer_support_rate": 83.09250506414585,
  "avg_retrieval_tokens": 432.77812288993925,
  "em": 83.09250506414585,
  "f1": 83.27612273556986,
  "gold_rank": 1.2555030384875085,
  "latency_seconds": 0.0,
  "mrr": 0.9166331200497304,
  "recall@10": 100.0,
  "recall@5": 87.5219446320054
}