{
  "all_recall@10": 52.91683905668184,
  "all_recall@5": 35.581299131154324,
  "answer_support_rate": 55.89573851882499,
  "avg_retrieval_tokens": 470.25113777410013,
  "em": 55.89573851882499,
  "f1": 56.438640650217316,
  "gold_rank": 1.6545304095986761,
  "latency_seconds": 0.0,
  "mrr": 0.8023903106960616,
  "recall@10": 77.5203420217901,
  "recall@5": 65.83574679354572
}