{
  "all_recall@10": 63.88084402151427,
  "all_recall@5": 43.85601985932975,
  "answer_support_rate": 65.20479933802234,
  "avg_retrieval_tokens": 470.5614398014067,
  "em": 65.20479933802234,
  "f1": 65.59814371161626,
  "gold_rank": 1.4832436905254447,
  "latency_seconds": 0.0,
  "mrr": 0.853574876371732,
  "recall@10": 84.45042063163702,
  "recall@5": 72.22107295545442
}