{
  "all_recall@10": 58.254033926354985,
  "all_recall@5": 35.581299131154324,
  "answer_support_rate": 55.89573851882499,
  "avg_retrieval_tokens": 470.25113777410013,
  "em": 55.89573851882499,
  "f1": 56.438640650217316,
  "gold_rank": 1.7807199007033512,
  "latency_seconds": 0.0,
  "mrr": 0.8041818534060984,
  "recall@10": 81.63011998345056,
  "recall@5": 65.83574679354572
}