{
  "all_recall@10": 52.04799338022342,
  "all_recall@5": 27.347952006619778,
  "answer_support_rate": 57.550682664460076,
  "avg_retrieval_tokens": 461.59660736450144,
  "em": 57.550682664460076,
  "f1": 58.019016368878866,
  "gold_rank": 1.6830781961108812,
  "latency_seconds": 0.0,
  "mrr": 0.8126553972851035,
  "recall@10": 78.19955868156117,
  "recall@5": 60.16411529444215
}