{
  "all_recall@10": 51.220521307405875,
  "all_recall@5": 29.62350020686802,
  "answer_support_rate": 57.96441870086885,
  "avg_retrieval_tokens": 458.34629706247415,
  "em": 57.96441870086885,
  "f1": 58.45831024905716,
  "gold_rank": 1.6508067852709971,
  "latency_seconds": 0.0,
  "mrr": 0.8141162795279469,
  "recall@10": 78.09267687215556,
  "recall@5": 63.7325886084678
}