{
  "all_recall@10": 51.882498965659906,
  "all_recall@5": 30.61646669424907,
  "answer_support_rate": 58.709143566404634,
  "avg_retrieval_tokens": 459.707488622259,
  "em": 58.709143566404634,
  "f1": 59.1951035242299,
  "gold_rank": 1.6193628465039305,
  "latency_seconds": 0.0,
  "mrr": 0.8156009680109805,
  "recall@10": 78.45124810370983,
  "recall@5": 64.40146186732865
}