{
  "all_recall@10": 63.01199834505586,
  "all_recall@5": 32.685146876292926,
  "answer_support_rate": 57.75755068266446,
  "avg_retrieval_tokens": 463.0757136946628,
  "em": 57.75755068266446,
  "f1": 58.30191077616115,
  "gold_rank": 1.658254033926355,
  "latency_seconds": 0.0,
  "mrr": 0.8267459004012583,
  "recall@10": 84.04358019583506,
  "recall@5": 63.47400358571232
}