{
  "recall@5": 78.43349088453748,
  "all_recall@5": 61.30992572586091,
  "recall@10": 97.5894665766374,
  "all_recall@10": 95.38149898717083,
  "mrr": 0.7753977899960344,
  "gold_rank": 1.7991897366644158,
  "em": 73.31532748143147,
  "f1": 73.64549120379752,
  "answer_support_rate": 73.31532748143147,
  "latency_seconds": 0.0007493555044772947,
  "avg_retrieval_tokens": 439.83659689399053
}