{
  "recall@5": 78.46049966239028,
  "all_recall@5": 61.350438892640106,
  "recall@10": 97.5894665766374,
  "all_recall@10": 95.38149898717083,
  "mrr": 0.7750929230571364,
  "gold_rank": 1.7982444294395679,
  "em": 73.36934503713707,
  "f1": 73.69539605923919,
  "answer_support_rate": 73.36934503713707,
  "latency_seconds": 0.000706684802769533,
  "avg_retrieval_tokens": 439.70222822417287
}