{
  "all_recall@10": 53.620190318576746,
  "all_recall@5": 35.6226727347952,
  "answer_support_rate": 56.22672734795201,
  "avg_retrieval_tokens": 466.13487794786926,
  "em": 56.22672734795201,
  "f1": 56.77409818675057,
  "gold_rank": 1.6698386429458005,
  "latency_seconds": 0.0,
  "mrr": 0.8026452837375468,
  "recall@10": 77.88925665425458,
  "recall@5": 65.7150737829265
}