{
  "all_recall@10": 49.31733553992553,
  "all_recall@5": 27.678940835746793,
  "answer_support_rate": 57.75755068266446,
  "avg_retrieval_tokens": 460.13032685146874,
  "em": 57.75755068266446,
  "f1": 58.309321991876935,
  "gold_rank": 1.68349193214729,
  "latency_seconds": 0.0,
  "mrr": 0.8127161442428302,
  "recall@10": 76.54461453592609,
  "recall@5": 60.36408771203972
}