{
  "all_recall@10": 64.54282167976831,
  "all_recall@5": 43.11129499379396,
  "answer_support_rate": 64.41870086884568,
  "avg_retrieval_tokens": 468.55895738518825,
  "em": 64.41870086884568,
  "f1": 64.72707263678019,
  "gold_rank": 1.5175837815473727,
  "latency_seconds": 0.0,
  "mrr": 0.8327299682802372,
  "recall@10": 84.71590125499931,
  "recall@5": 71.6728727072128
}