{
  "all_recall@10": 59.41249482829954,
  "all_recall@5": 35.49855192387257,
  "answer_support_rate": 56.22672734795201,
  "avg_retrieval_tokens": 466.21886636326025,
  "em": 56.22672734795201,
  "f1": 56.793441689751496,
  "gold_rank": 1.772445179975176,
  "latency_seconds": 0.0,
  "mrr": 0.8044639163071103,
  "recall@10": 82.03351261894912,
  "recall@5": 65.68059577989243
}