{
  "all_recall@10": 52.04799338022342,
  "all_recall@5": 27.43069921390153,
  "answer_support_rate": 57.88167149358709,
  "avg_retrieval_tokens": 460.9565577161771,
  "em": 57.88167149358709,
  "f1": 58.37218631001639,
  "gold_rank": 1.6669424906909391,
  "latency_seconds": 0.0,
  "mrr": 0.8120246140105469,
  "recall@10": 78.15128947731347,
  "recall@5": 60.18824989656599
}