{
  "all_recall@10": 51.34464211832851,
  "all_recall@5": 29.74762101779065,
  "answer_support_rate": 58.088539511791474,
  "avg_retrieval_tokens": 458.49400082747206,
  "em": 58.088539511791474,
  "f1": 58.57575321518162,
  "gold_rank": 1.6495655771617708,
  "latency_seconds": 0.0,
  "mrr": 0.8140115320711101,
  "recall@10": 78.08922907185216,
  "recall@5": 63.68776720452352
}