{
  "all_recall@10": 52.00661977658254,
  "all_recall@5": 30.7405875051717,
  "answer_support_rate": 58.66776996276376,
  "avg_retrieval_tokens": 460.0132395531651,
  "em": 58.66776996276376,
  "f1": 59.14959256022494,
  "gold_rank": 1.6235002068680182,
  "latency_seconds": 0.0,
  "mrr": 0.8154848920674324,
  "recall@10": 78.47883050613709,
  "recall@5": 64.34284926217073
}