{
  "all_recall@10": 63.094745552337606,
  "all_recall@5": 33.30575093090608,
  "answer_support_rate": 58.0471659081506,
  "avg_retrieval_tokens": 462.0215142738933,
  "em": 58.0471659081506,
  "f1": 58.54077502412759,
  "gold_rank": 1.6549441456350849,
  "latency_seconds": 0.0,
  "mrr": 0.8290624938432137,
  "recall@10": 84.06081919735209,
  "recall@5": 63.622258998758795
}