{
  "seed": 29,
  "protocol": "train_to_dev",
  "split": {
    "seed": 29,
    "protocol": "train_to_dev",
    "train_alignment": {
      "examples": 10000,
      "aligned_examples": 10000,
      "missing_examples": 0,
      "missing_rate": 0.0
    },
    "dev_alignment": {
      "examples": 2417,
      "aligned_examples": 2417,
      "missing_examples": 0,
      "missing_rate": 0.0
    },
    "train_examples": 10000,
    "heldout_examples": 2417,
    "train_percent": 60,
    "split_salt": "phase1d_dense_aware_controller_20260524"
  },
  "metrics": {
    "colbertv2": {
      "all_recall@10": 49.31733553992553,
      "all_recall@5": 27.678940835746793,
      "answer_support_rate": 57.75755068266446,
      "avg_retrieval_tokens": 460.13032685146874,
      "em": 57.75755068266446,
      "f1": 58.309321991876935,
      "gold_rank": 1.68349193214729,
      "latency_seconds": 0.0,
      "mrr": 0.8127161442428302,
      "recall@10": 76.54461453592609,
      "recall@5": 60.36408771203972
    },
    "phase1c_mlp_topk_4": {
      "all_recall@10": 53.620190318576746,
      "all_recall@5": 35.6226727347952,
      "answer_support_rate": 56.22672734795201,
      "avg_retrieval_tokens": 466.13487794786926,
      "em": 56.22672734795201,
      "f1": 56.77409818675057,
      "gold_rank": 1.6698386429458005,
      "latency_seconds": 0.0,
      "mrr": 0.8026452837375468,
      "recall@10": 77.88925665425458,
      "recall@5": 65.7150737829265
    },
    "rrf_dense_hkvm": {
      "all_recall@10": 63.094745552337606,
      "all_recall@5": 33.30575093090608,
      "answer_support_rate": 58.0471659081506,
      "avg_retrieval_tokens": 462.0215142738933,
      "em": 58.0471659081506,
      "f1": 58.54077502412759,
      "gold_rank": 1.6549441456350849,
      "latency_seconds": 0.0,
      "mrr": 0.8290624938432137,
      "recall@10": 84.06081919735209,
      "recall@5": 63.622258998758795
    },
    "rrf_dense_hkvm_bm25": {
      "all_recall@10": 63.094745552337606,
      "all_recall@5": 33.30575093090608,
      "answer_support_rate": 58.0471659081506,
      "avg_retrieval_tokens": 462.0215142738933,
      "em": 58.0471659081506,
      "f1": 58.54077502412759,
      "gold_rank": 1.6549441456350849,
      "latency_seconds": 0.0,
      "mrr": 0.8290624938432137,
      "recall@10": 84.06081919735209,
      "recall@5": 63.622258998758795
    },
    "quota_dense4_hkvm1": {
      "all_recall@10": 51.34464211832851,
      "all_recall@5": 29.74762101779065,
      "answer_support_rate": 58.088539511791474,
      "avg_retrieval_tokens": 458.49400082747206,
      "em": 58.088539511791474,
      "f1": 58.57575321518162,
      "gold_rank": 1.6495655771617708,
      "latency_seconds": 0.0,
      "mrr": 0.8140115320711101,
      "recall@10": 78.08922907185216,
      "recall@5": 63.68776720452352
    },
    "quota_dense3_hkvm2": {
      "all_recall@10": 52.00661977658254,
      "all_recall@5": 30.7405875051717,
      "answer_support_rate": 58.66776996276376,
      "avg_retrieval_tokens": 460.0132395531651,
      "em": 58.66776996276376,
      "f1": 59.14959256022494,
      "gold_rank": 1.6235002068680182,
      "latency_seconds": 0.0,
      "mrr": 0.8154848920674324,
      "recall@10": 78.47883050613709,
      "recall@5": 64.34284926217073
    },
    "controller_dense_only": {
      "all_recall@10": 52.04799338022342,
      "all_recall@5": 27.43069921390153,
      "answer_support_rate": 57.88167149358709,
      "avg_retrieval_tokens": 460.9565577161771,
      "em": 57.88167149358709,
      "f1": 58.37218631001639,
      "gold_rank": 1.6669424906909391,
      "latency_seconds": 0.0,
      "mrr": 0.8120246140105469,
      "recall@10": 78.15128947731347,
      "recall@5": 60.18824989656599
    },
    "controller_hkvm_only": {
      "all_recall@10": 59.41249482829954,
      "all_recall@5": 35.49855192387257,
      "answer_support_rate": 56.22672734795201,
      "avg_retrieval_tokens": 466.21886636326025,
      "em": 56.22672734795201,
      "f1": 56.793441689751496,
      "gold_rank": 1.772445179975176,
      "latency_seconds": 0.0,
      "mrr": 0.8044639163071103,
      "recall@10": 82.03351261894912,
      "recall@5": 65.68059577989243
    },
    "controller_dense_hkvm": {
      "all_recall@10": 64.54282167976831,
      "all_recall@5": 43.11129499379396,
      "answer_support_rate": 64.41870086884568,
      "avg_retrieval_tokens": 468.55895738518825,
      "em": 64.41870086884568,
      "f1": 64.72707263678019,
      "gold_rank": 1.5175837815473727,
      "latency_seconds": 0.0,
      "mrr": 0.8327299682802372,
      "recall@10": 84.71590125499931,
      "recall@5": 71.6728727072128
    }
  },
  "bootstrap_vs_dense": [
    {
      "seed": 29,
      "reference": "colbertv2",
      "candidate": "controller_dense_hkvm",
      "metric": "f1",
      "mean_diff": 6.417750644903258,
      "ci_low": 4.855038731658929,
      "ci_high": 7.986421251637579,
      "p_diff_le_0": 0.0
    },
    {
      "seed": 29,
      "reference": "colbertv2",
      "candidate": "controller_dense_hkvm",
      "metric": "em",
      "mean_diff": 6.661150186181216,
      "ci_low": 5.0062060405461315,
      "ci_high": 8.274720728175424,
      "p_diff_le_0": 0.0
    },
    {
      "seed": 29,
      "reference": "colbertv2",
      "candidate": "controller_dense_hkvm",
      "metric": "all_recall@10",
      "mean_diff": 15.225486139842781,
      "ci_low": 13.280926768721555,
      "ci_high": 16.921803889118742,
      "p_diff_le_0": 0.0
    },
    {
      "seed": 29,
      "reference": "colbertv2",
      "candidate": "controller_dense_only",
      "metric": "f1",
      "mean_diff": 0.0628643181394526,
      "ci_low": -0.6946180636219333,
      "ci_high": 0.8450454875288773,
      "p_diff_le_0": 0.438
    },
    {
      "seed": 29,
      "reference": "colbertv2",
      "candidate": "controller_dense_only",
      "metric": "em",
      "mean_diff": 0.12412081092263136,
      "ci_low": -0.6206040546131568,
      "ci_high": 0.8688456764584195,
      "p_diff_le_0": 0.412
    },
    {
      "seed": 29,
      "reference": "colbertv2",
      "candidate": "controller_dense_only",
      "metric": "all_recall@10",
      "mean_diff": 2.73065784029789,
      "ci_low": 0.4137360364087712,
      "ci_high": 4.9648324369052546,
      "p_diff_le_0": 0.007
    },
    {
      "seed": 29,
      "reference": "colbertv2",
      "candidate": "controller_hkvm_only",
      "metric": "f1",
      "mean_diff": -1.5158803021254366,
      "ci_low": -4.0025408433011425,
      "ci_high": 0.9323373316041343,
      "p_diff_le_0": 0.904
    },
    {
      "seed": 29,
      "reference": "colbertv2",
      "candidate": "controller_hkvm_only",
      "metric": "em",
      "mean_diff": -1.5308233347124534,
      "ci_low": -4.095986760446835,
      "ci_high": 0.8688456764584195,
      "p_diff_le_0": 0.905
    },
    {
      "seed": 29,
      "reference": "colbertv2",
      "candidate": "controller_hkvm_only",
      "metric": "all_recall@10",
      "mean_diff": 10.095159288374017,
      "ci_low": 8.02647910633016,
      "ci_high": 12.163839470417873,
      "p_diff_le_0": 0.0
    },
    {
      "seed": 29,
      "reference": "colbertv2",
      "candidate": "phase1c_mlp_topk_4",
      "metric": "f1",
      "mean_diff": -1.5352238051263665,
      "ci_low": -3.9340716953466424,
      "ci_high": 0.7661493385646733,
      "p_diff_le_0": 0.897
    },
    {
      "seed": 29,
      "reference": "colbertv2",
      "candidate": "phase1c_mlp_topk_4",
      "metric": "em",
      "mean_diff": -1.5308233347124534,
      "ci_low": -3.9718659495242035,
      "ci_high": 0.8274720728175424,
      "p_diff_le_0": 0.895
    },
    {
      "seed": 29,
      "reference": "colbertv2",
      "candidate": "phase1c_mlp_topk_4",
      "metric": "all_recall@10",
      "mean_diff": 4.302854778651221,
      "ci_low": 1.9859329747621017,
      "ci_high": 6.5784029788994625,
      "p_diff_le_0": 0.0
    },
    {
      "seed": 29,
      "reference": "colbertv2",
      "candidate": "quota_dense3_hkvm2",