{
  "recall@5": 83.28156650911546,
  "all_recall@5": 67.73801485482782,
  "recall@10": 99.92572586090479,
  "all_recall@10": 99.85145172180958,
  "mrr": 0.8905179361864034,
  "gold_rank": 1.3426063470627954,
  "em": 81.64753544902094,
  "f1": 81.83482341404255,
  "answer_support_rate": 81.64753544902094,
  "latency_seconds": 0.0004392862703071393,
  "avg_retrieval_tokens": 483.997434166104
}