{
  "recall@5": 83.60567184334909,
  "all_recall@5": 68.19716407832546,
  "recall@10": 100.0,
  "all_recall@10": 100.0,
  "mrr": 0.9238724371134904,
  "gold_rank": 1.2461850101282916,
  "em": 79.63538149898717,
  "f1": 79.84400128960641,
  "answer_support_rate": 79.63538149898717,
  "latency_seconds": 0.09853247769702361,
  "avg_retrieval_tokens": 438.21404456448346
}