{
  "recall@5": 84.8885887913572,
  "all_recall@5": 71.3301823092505,
  "recall@10": 100.0,
  "all_recall@10": 100.0,
  "mrr": 0.8848226209232286,
  "gold_rank": 1.3786630654962864,
  "em": 79.72991222147198,
  "f1": 79.93030391338371,
  "answer_support_rate": 79.72991222147198,
  "latency_seconds": 0.02237819311770898,
  "avg_retrieval_tokens": 400.7443619176232
}