{
  "examples": 7405,
  "passages": 73700,
  "triples": 356798,
  "answer_path_hyperedges": 96600,
  "cooccurrence_hyperedges": 72576,
  "random_hyperedges": 947840,
  "triples_per_passage": 4.841221166892809,
  "triples_per_example": 48.183389601620526,
  "answer_path_hyperedges_per_example": 13.045239702903444,
  "cooccurrence_hyperedges_per_example": 9.800945307224849,
  "empty_extraction_examples": 0,
  "empty_extraction_rate": 0.0,
  "gold_support_examples": 7405,
  "gold_support_coverage": 1.0,
  "triple_score_distributions": {
    "factual_confidence": {
      "n": 356798,
      "mean": 0.996364049125836,
      "std": 0.025613240657775184,
      "min": 0.0,
      "p25": 1.0,
      "p50": 1.0,
      "p75": 1.0,
      "max": 1.0,
      "unique_rounded": [
        0.0,
        0.3,
        0.4,
        0.5,
        0.6,
        0.7,
        0.8,
        0.9,
        1.0
      ]
    },
    "semantic_salience": {
      "n": 356798,
      "mean": 0.7704059439795068,
      "std": 0.14219298451467197,
      "min": 0.0,
      "p25": 0.7,
      "p50": 0.8,
      "p75": 0.9,
      "max": 1.0,
      "unique_rounded": [
        0.0,
        0.2,
        0.3,
        0.4,
        0.5,
        0.6,
        0.7,
        0.8,
        0.9,
        1.0
      ]
    },
    "bridge_potential": {
      "n": 356798,
      "mean": 0.5401515703563361,
      "std": 0.16722514873297747,
      "min": 0.0,
      "p25": 0.4,
      "p50": 0.5,
      "p75": 0.7,
      "max": 1.0,
      "unique_rounded": [
        0.0,
        0.1,
        0.2,
        0.3,
        0.4,
        0.5,
        0.6,
        0.7,
        0.8,
        0.9,
        1.0
      ]
    }
  },
  "hyperedge_score_distributions": {
    "factual_confidence": {
      "n": 96600,
      "mean": 0.9965360773217017,
      "std": 0.017655883527589025,
      "min": 0.5,
      "p25": 1.0,
      "p50": 1.0,
      "p75": 1.0,
      "max": 1.0,
      "unique_rounded": [
        0.5,
        0.55,
        0.57,
        0.65,
        0.67,
        0.68,
        0.7,
        0.72,
        0.73,
        0.74,
        0.75,
        0.76,
        0.77,
        0.78,
        0.79,
        0.8,
        0.81,
        0.82,
        0.83,
        0.84,
        0.85,
        0.86,
        0.87,
        0.88,
        0.9
      ]
    },
    "semantic_salience": {
      "n": 96600,
      "mean": 0.781576858360771,
      "std": 0.0802079985561064,
      "min": 0.25,
      "p25": 0.7333333333333334,
      "p50": 0.78,
      "p75": 0.8333333333333334,
      "max": 1.0,
      "unique_rounded": [
        0.25,
        0.3,
        0.35,
        0.36,
        0.4,
        0.42,
        0.43,
        0.44,
        0.45,
        0.47,
        0.48,
        0.49,
        0.5,
        0.52,
        0.53,
        0.54,
        0.55,
        0.56,
        0.57,
        0.58,
        0.59,
        0.6,
        0.61,
        0.62,
        0.63
      ]
    },
    "bridge_potential": {
      "n": 96600,
      "mean": 0.7065714285714286,
      "std": 0.1192457514789742,
      "min": 0.1,
      "p25": 0.6,
      "p50": 0.7,
      "p75": 0.8,
      "max": 1.0,
      "unique_rounded": [
        0.1,
        0.2,
        0.3,
        0.4,
        0.5,
        0.6,
        0.7,
        0.8,
        0.9,
        1.0
      ]
    }
  }
}