{
  "recall@5": 77.4814314652262,
  "all_recall@5": 60.17555705604322,
  "recall@10": 99.06144496961512,
  "all_recall@10": 98.19041188386225,
  "mrr": 0.755437928040899,
  "gold_rank": 1.913301823092505,
  "em": 73.01823092505064,
  "f1": 73.33969964182063,
  "answer_support_rate": 73.01823092505064,
  "latency_seconds": 0.00023931390263145233,
  "avg_retrieval_tokens": 434.99756920999323
}