{
  "recall@5": 74.20661715057393,
  "all_recall@5": 55.48953409858204,
  "recall@10": 99.06144496961512,
  "all_recall@10": 98.19041188386225,
  "mrr": 0.6845877946046751,
  "gold_rank": 2.2079675894665765,
  "em": 72.58609047940581,
  "f1": 72.95650424917216,
  "answer_support_rate": 72.58609047940581,
  "latency_seconds": 0.0002489997020870407,
  "avg_retrieval_tokens": 432.94152599594867
}