{
  "recall@5": 80.43694338422392,
  "all_recall@5": 56.774809160305345,
  "recall@10": 99.8489185750636,
  "all_recall@10": 99.6501272264631,
  "mrr": 0.8919701863463791,
  "gold_rank": 1.304309796437659,
  "em": 70.06997455470739,
  "f1": 70.66540003324354,
  "answer_support_rate": 70.06997455470739,
  "latency_seconds": 0.0001298956923458859,
  "avg_retrieval_tokens": 382.90084287531806
}