{
  "recall@5": 85.01908396946565,
  "all_recall@5": 66.14980916030534,
  "recall@10": 99.09351145038168,
  "all_recall@10": 98.10750636132316,
  "mrr": 0.9001624409305707,
  "gold_rank": 1.2833969465648856,
  "em": 75.37372773536896,
  "f1": 75.89402027596628,
  "answer_support_rate": 75.37372773536896,
  "latency_seconds": 0.0005462424377289467,
  "avg_retrieval_tokens": 392.4610368956743
}