{
  "all_recall@10": 98.95833333333333,
  "all_recall@5": 92.50954198473282,
  "answer_support_rate": 88.1599872773537,
  "avg_retrieval_tokens": 430.9332061068702,
  "em": 88.1599872773537,
  "f1": 88.36976989648745,
  "gold_rank": 1.0950222646310432,
  "latency_seconds": 0.0,
  "mrr": 0.9630661451391413,
  "recall@10": 99.5328403307888,
  "recall@5": 96.5609096692112
}