{
  "all_recall@10": 100.0,
  "all_recall@5": 93.22519083969466,
  "answer_support_rate": 88.60527989821882,
  "avg_retrieval_tokens": 433.99037849872775,
  "em": 88.60527989821882,
  "f1": 88.7938342757045,
  "gold_rank": 1.0629770992366412,
  "latency_seconds": 0.0,
  "mrr": 0.9736994312674179,
  "recall@10": 100.0,
  "recall@5": 96.97439567430025
}