{
  "all_recall@10": 100.0,
  "all_recall@5": 92.53339694656489,
  "answer_support_rate": 88.18384223918575,
  "avg_retrieval_tokens": 434.35567748091603,
  "em": 88.18384223918575,
  "f1": 88.39362485831951,
  "gold_rank": 1.0989185750636132,
  "latency_seconds": 0.0,
  "mrr": 0.961818618987035,
  "recall@10": 100.0,
  "recall@5": 96.57283715012723
}