{
  "all_recall@10": 100.0,
  "all_recall@5": 64.07442748091603,
  "answer_support_rate": 77.16284987277353,
  "avg_retrieval_tokens": 382.2651876590331,
  "em": 77.16284987277353,
  "f1": 77.73452978908269,
  "gold_rank": 1.108222010178117,
  "latency_seconds": 0.0,
  "mrr": 0.9604769667090755,
  "recall@10": 100.0,
  "recall@5": 84.12452290076335
}