{
  "all_recall@10": 100.0,
  "all_recall@5": 65.99077608142494,
  "answer_support_rate": 78.62595419847328,
  "avg_retrieval_tokens": 385.6348600508906,
  "em": 78.62595419847328,
  "f1": 79.18229992960092,
  "gold_rank": 1.0989185750636132,
  "latency_seconds": 0.0,
  "mrr": 0.9607940231330021,
  "recall@10": 100.0,
  "recall@5": 85.28745229007633
}