{
  "all_recall@10": 100.0,
  "all_recall@5": 64.89344783715013,
  "answer_support_rate": 77.56838422391857,
  "avg_retrieval_tokens": 383.8376272264631,
  "em": 77.56838422391857,
  "f1": 78.13419162004223,
  "gold_rank": 1.1025763358778626,
  "latency_seconds": 0.0,
  "mrr": 0.9606199702633386,
  "recall@10": 100.0,
  "recall@5": 84.73481234096693
}