{
  "all_recall@10": 100.0,
  "all_recall@5": 81.98155216284987,
  "answer_support_rate": 86.22773536895674,
  "avg_retrieval_tokens": 421.5084287531807,
  "em": 86.22773536895674,
  "f1": 86.55016567521479,
  "gold_rank": 1.0572519083969465,
  "latency_seconds": 0.0,
  "mrr": 0.975838678611818,
  "recall@10": 100.0,
  "recall@5": 93.15362595419847
}