{
  "seed": 43,
  "protocol": "train_to_dev",
  "split": {
    "seed": 43,
    "protocol": "train_to_dev",
    "train_alignment": {
      "examples": 10000,
      "aligned_examples": 10000,
      "missing_examples": 0,
      "missing_rate": 0.0
    },
    "dev_alignment": {
      "examples": 12576,
      "aligned_examples": 12576,
      "missing_examples": 0,
      "missing_rate": 0.0
    },
    "train_examples": 10000,
    "heldout_examples": 12576,
    "train_percent": 60,
    "split_salt": "phase1d_dense_aware_controller_20260524"
  },
  "metrics": {
    "colbertv2": {
      "all_recall@10": 100.0,
      "all_recall@5": 64.11418575063614,
      "answer_support_rate": 77.19465648854961,
      "avg_retrieval_tokens": 382.29699427480915,
      "em": 77.19465648854961,
      "f1": 77.76259809482275,
      "gold_rank": 1.1072678117048347,
      "latency_seconds": 0.0,
      "mrr": 0.9604941637384385,
      "recall@10": 100.0,
      "recall@5": 84.15235368956743
    },
    "phase1c_mlp_topk_4": {
      "all_recall@10": 98.95833333333333,
      "all_recall@5": 92.50954198473282,
      "answer_support_rate": 88.1599872773537,
      "avg_retrieval_tokens": 430.9332061068702,
      "em": 88.1599872773537,
      "f1": 88.36976989648745,
      "gold_rank": 1.0950222646310432,
      "latency_seconds": 0.0,
      "mrr": 0.9630661451391413,
      "recall@10": 99.5328403307888,
      "recall@5": 96.5609096692112
    },
    "rrf_dense_hkvm": {
      "all_recall@10": 100.0,
      "all_recall@5": 81.98155216284987,
      "answer_support_rate": 86.22773536895674,
      "avg_retrieval_tokens": 421.5084287531807,
      "em": 86.22773536895674,
      "f1": 86.55016567521479,
      "gold_rank": 1.0572519083969465,
      "latency_seconds": 0.0,
      "mrr": 0.975838678611818,
      "recall@10": 100.0,
      "recall@5": 93.15362595419847
    },
    "rrf_dense_hkvm_bm25": {
      "all_recall@10": 100.0,
      "all_recall@5": 81.98155216284987,
      "answer_support_rate": 86.22773536895674,
      "avg_retrieval_tokens": 421.5084287531807,
      "em": 86.22773536895674,
      "f1": 86.55016567521479,
      "gold_rank": 1.0572519083969465,
      "latency_seconds": 0.0,
      "mrr": 0.975838678611818,
      "recall@10": 100.0,
      "recall@5": 93.15362595419847
    },
    "quota_dense4_hkvm1": {
      "all_recall@10": 100.0,
      "all_recall@5": 64.89344783715013,
      "answer_support_rate": 77.56838422391857,
      "avg_retrieval_tokens": 383.8376272264631,
      "em": 77.56838422391857,
      "f1": 78.13419162004223,
      "gold_rank": 1.1025763358778626,
      "latency_seconds": 0.0,
      "mrr": 0.9606199702633386,
      "recall@10": 100.0,
      "recall@5": 84.73481234096693
    },
    "quota_dense3_hkvm2": {
      "all_recall@10": 100.0,
      "all_recall@5": 65.99077608142494,
      "answer_support_rate": 78.62595419847328,
      "avg_retrieval_tokens": 385.6348600508906,
      "em": 78.62595419847328,
      "f1": 79.18229992960092,
      "gold_rank": 1.0989185750636132,
      "latency_seconds": 0.0,
      "mrr": 0.9607940231330021,
      "recall@10": 100.0,
      "recall@5": 85.28745229007633
    },
    "controller_dense_only": {
      "all_recall@10": 100.0,
      "all_recall@5": 64.07442748091603,
      "answer_support_rate": 77.16284987277353,
      "avg_retrieval_tokens": 382.2651876590331,
      "em": 77.16284987277353,
      "f1": 77.73452978908269,
      "gold_rank": 1.108222010178117,
      "latency_seconds": 0.0,
      "mrr": 0.9604769667090755,
      "recall@10": 100.0,
      "recall@5": 84.12452290076335
    },
    "controller_hkvm_only": {
      "all_recall@10": 100.0,
      "all_recall@5": 92.53339694656489,
      "answer_support_rate": 88.18384223918575,
      "avg_retrieval_tokens": 434.35567748091603,
      "em": 88.18384223918575,
      "f1": 88.39362485831951,
      "gold_rank": 1.0989185750636132,
      "latency_seconds": 0.0,
      "mrr": 0.961818618987035,
      "recall@10": 100.0,
      "recall@5": 96.57283715012723
    },
    "controller_dense_hkvm": {
      "all_recall@10": 100.0,
      "all_recall@5": 93.22519083969466,
      "answer_support_rate": 88.60527989821882,
      "avg_retrieval_tokens": 433.99037849872775,
      "em": 88.60527989821882,
      "f1": 88.7938342757045,
      "gold_rank": 1.0629770992366412,
      "latency_seconds": 0.0,
      "mrr": 0.9736994312674179,
      "recall@10": 100.0,
      "recall@5": 96.97439567430025
    }
  },
  "bootstrap_vs_dense": [
    {
      "seed": 43,
      "reference": "colbertv2",
      "candidate": "controller_dense_hkvm",
      "metric": "f1",
      "mean_diff": 11.031236180881749,
      "ci_low": 10.434223289100926,
      "ci_high": 11.645953877400917,
      "p_diff_le_0": 0.0
    },
    {
      "seed": 43,
      "reference": "colbertv2",
      "candidate": "controller_dense_hkvm",
      "metric": "em",
      "mean_diff": 11.410623409669212,
      "ci_low": 10.758587786259541,
      "ci_high": 12.0308524173028,
      "p_diff_le_0": 0.0
    },
    {
      "seed": 43,
      "reference": "colbertv2",
      "candidate": "controller_dense_hkvm",
      "metric": "all_recall@10",
      "mean_diff": 0.0,
      "ci_low": 0.0,
      "ci_high": 0.0,
      "p_diff_le_0": 1.0
    },
    {
      "seed": 43,
      "reference": "colbertv2",
      "candidate": "controller_dense_only",
      "metric": "f1",
      "mean_diff": -0.02806830574006146,
      "ci_low": -0.10302038927993126,
      "ci_high": 0.04543802253725918,
      "p_diff_le_0": 0.798
    },
    {
      "seed": 43,
      "reference": "colbertv2",
      "candidate": "controller_dense_only",
      "metric": "em",
      "mean_diff": -0.031806615776081425,
      "ci_low": -0.10337150127226463,
      "ci_high": 0.03975826972010178,
      "p_diff_le_0": 0.838
    },
    {
      "seed": 43,
      "reference": "colbertv2",
      "candidate": "controller_dense_only",
      "metric": "all_recall@10",
      "mean_diff": 0.0,
      "ci_low": 0.0,
      "ci_high": 0.0,
      "p_diff_le_0": 1.0
    },
    {
      "seed": 43,
      "reference": "colbertv2",
      "candidate": "controller_hkvm_only",
      "metric": "f1",
      "mean_diff": 10.631026763496758,
      "ci_low": 9.98902487197677,
      "ci_high": 11.304254292911734,
      "p_diff_le_0": 0.0
    },
    {
      "seed": 43,
      "reference": "colbertv2",
      "candidate": "controller_hkvm_only",
      "metric": "em",
      "mean_diff": 10.989185750636132,
      "ci_low": 10.384860050890586,
      "ci_high": 11.641221374045802,
      "p_diff_le_0": 0.0
    },
    {
      "seed": 43,
      "reference": "colbertv2",
      "candidate": "controller_hkvm_only",
      "metric": "all_recall@10",
      "mean_diff": 0.0,
      "ci_low": 0.0,
      "ci_high": 0.0,
      "p_diff_le_0": 1.0
    },
    {
      "seed": 43,
      "reference": "colbertv2",
      "candidate": "phase1c_mlp_topk_4",
      "metric": "f1",
      "mean_diff": 10.607171801664695,
      "ci_low": 9.944814424907348,
      "ci_high": 11.239550760828577,
      "p_diff_le_0": 0.0
    },
    {
      "seed": 43,
      "reference": "colbertv2",
      "candidate": "phase1c_mlp_topk_4",
      "metric": "em",
      "mean_diff": 10.96533078880407,
      "ci_low": 10.337150127226463,
      "ci_high": 11.577608142493638,
      "p_diff_le_0": 0.0
    },
    {
      "seed": 43,
      "reference": "colbertv2",
      "candidate": "phase1c_mlp_topk_4",
      "metric": "all_recall@10",
      "mean_diff": -1.0416666666666667,
      "ci_low": -1.224554707379135,
      "ci_high": -0.8826335877862596,
      "p_diff_le_0": 1.0
    },
    {
      "seed": 43,
      "reference": "colbertv2",
      "candidate": "quota_dense3_hkvm2",
      "metric": "f1",
      "mean_diff": 1.4197018347781707,
      "ci_low": 1.206192468119949,
      "ci_high": 1.6422161913574125,
      "p_diff_le_0": 0.0
    },
    {
      "seed": 43,
      "reference": "colbertv2",
      "candidate": "quota_dense3_hkvm2",
      "metric": "em",
      "mean_diff": 1.4312977099236641,