{
  "all_recall@10": 53.37194869673149,
  "all_recall@5": 35.581299131154324,
  "answer_support_rate": 56.516342573438145,
  "avg_retrieval_tokens": 467.3061646669425,
  "em": 56.516342573438145,
  "f1": 57.04821381047314,
  "gold_rank": 1.647083160943318,
  "latency_seconds": 0.0,
  "mrr": 0.8050641619218367,
  "recall@10": 77.72376223969108,
  "recall@5": 65.91159840022065
}