{
  "all_recall@10": 63.92221762515515,
  "all_recall@5": 44.26975589573852,
  "answer_support_rate": 64.54282167976831,
  "avg_retrieval_tokens": 471.69714522134876,
  "em": 64.54282167976831,
  "f1": 64.89285262221993,
  "gold_rank": 1.5581299131154323,
  "latency_seconds": 0.0,
  "mrr": 0.8287219825180107,
  "recall@10": 84.36422562405185,
  "recall@5": 72.45207557578266
}