{
  "all_recall@10": 58.254033926354985,
  "all_recall@5": 35.581299131154324,
  "answer_support_rate": 56.516342573438145,
  "avg_retrieval_tokens": 467.3061646669425,
  "em": 56.516342573438145,
  "f1": 57.04821381047314,
  "gold_rank": 1.7707902358295406,
  "latency_seconds": 0.0,
  "mrr": 0.8068855855678363,
  "recall@10": 81.62322438284374,
  "recall@5": 65.91159840022065
}