{
  "all_recall@10": 52.42035581299131,
  "all_recall@5": 27.8444352503103,
  "answer_support_rate": 57.840297889946214,
  "avg_retrieval_tokens": 460.75382705833675,
  "em": 57.840297889946214,
  "f1": 58.350486637923666,
  "gold_rank": 1.6714935870914356,
  "latency_seconds": 0.0,
  "mrr": 0.8123746478318261,
  "recall@10": 78.21334988277479,
  "recall@5": 60.41235691628741
}