{
  "all_recall@10": 51.34464211832851,
  "all_recall@5": 29.70624741414977,
  "answer_support_rate": 57.88167149358709,
  "avg_retrieval_tokens": 458.19569714522135,
  "em": 57.88167149358709,
  "f1": 58.355335946662095,
  "gold_rank": 1.6553578816714936,
  "latency_seconds": 0.0,
  "mrr": 0.8141413992158717,
  "recall@10": 78.23748448489863,
  "recall@5": 63.742932009378016
}