{
  "all_recall@10": 52.00661977658254,
  "all_recall@5": 30.7405875051717,
  "answer_support_rate": 58.54364915184112,
  "avg_retrieval_tokens": 459.83698800165496,
  "em": 58.54364915184112,
  "f1": 59.01690448794233,
  "gold_rank": 1.623913942904427,
  "latency_seconds": 0.0,
  "mrr": 0.8156354460140145,
  "recall@10": 78.58571231554268,
  "recall@5": 64.4324920700593
}