{
  "all_recall@10": 62.72238311956971,
  "all_recall@5": 33.26437732726521,
  "answer_support_rate": 57.92304509722797,
  "avg_retrieval_tokens": 462.9197352089367,
  "em": 57.92304509722797,
  "f1": 58.416503120790736,
  "gold_rank": 1.6623913942904427,
  "latency_seconds": 0.0,
  "mrr": 0.8279250481050233,
  "recall@10": 83.87119018066474,
  "recall@5": 63.54640739208385
}