{
  "seed": 43,
  "protocol": "train_to_dev",
  "split": {
    "seed": 43,
    "protocol": "train_to_dev",
    "train_alignment": {
      "examples": 10000,
      "aligned_examples": 10000,
      "missing_examples": 0,
      "missing_rate": 0.0
    },
    "dev_alignment": {
      "examples": 2417,
      "aligned_examples": 2417,
      "missing_examples": 0,
      "missing_rate": 0.0
    },
    "train_examples": 10000,
    "heldout_examples": 2417,
    "train_percent": 60,
    "split_salt": "phase1d_dense_aware_controller_20260524"
  },
  "metrics": {
    "colbertv2": {
      "all_recall@10": 49.31733553992553,
      "all_recall@5": 27.678940835746793,
      "answer_support_rate": 57.75755068266446,
      "avg_retrieval_tokens": 460.13032685146874,
      "em": 57.75755068266446,
      "f1": 58.309321991876935,
      "gold_rank": 1.68349193214729,
      "latency_seconds": 0.0,
      "mrr": 0.8127161442428302,
      "recall@10": 76.54461453592609,
      "recall@5": 60.36408771203972
    },
    "phase1c_mlp_topk_4": {
      "all_recall@10": 53.37194869673149,
      "all_recall@5": 35.581299131154324,
      "answer_support_rate": 56.516342573438145,
      "avg_retrieval_tokens": 467.3061646669425,
      "em": 56.516342573438145,
      "f1": 57.04821381047314,
      "gold_rank": 1.647083160943318,
      "latency_seconds": 0.0,
      "mrr": 0.8050641619218367,
      "recall@10": 77.72376223969108,
      "recall@5": 65.91159840022065
    },
    "rrf_dense_hkvm": {
      "all_recall@10": 62.72238311956971,
      "all_recall@5": 33.26437732726521,
      "answer_support_rate": 57.92304509722797,
      "avg_retrieval_tokens": 462.9197352089367,
      "em": 57.92304509722797,
      "f1": 58.416503120790736,
      "gold_rank": 1.6623913942904427,
      "latency_seconds": 0.0,
      "mrr": 0.8279250481050233,
      "recall@10": 83.87119018066474,
      "recall@5": 63.54640739208385
    },
    "rrf_dense_hkvm_bm25": {
      "all_recall@10": 62.72238311956971,
      "all_recall@5": 33.26437732726521,
      "answer_support_rate": 57.92304509722797,
      "avg_retrieval_tokens": 462.9197352089367,
      "em": 57.92304509722797,
      "f1": 58.416503120790736,
      "gold_rank": 1.6623913942904427,
      "latency_seconds": 0.0,
      "mrr": 0.8279250481050233,
      "recall@10": 83.87119018066474,
      "recall@5": 63.54640739208385
    },
    "quota_dense4_hkvm1": {
      "all_recall@10": 51.34464211832851,
      "all_recall@5": 29.70624741414977,
      "answer_support_rate": 57.88167149358709,
      "avg_retrieval_tokens": 458.19569714522135,
      "em": 57.88167149358709,
      "f1": 58.355335946662095,
      "gold_rank": 1.6553578816714936,
      "latency_seconds": 0.0,
      "mrr": 0.8141413992158717,
      "recall@10": 78.23748448489863,
      "recall@5": 63.742932009378016
    },
    "quota_dense3_hkvm2": {
      "all_recall@10": 52.00661977658254,
      "all_recall@5": 30.7405875051717,
      "answer_support_rate": 58.54364915184112,
      "avg_retrieval_tokens": 459.83698800165496,
      "em": 58.54364915184112,
      "f1": 59.01690448794233,
      "gold_rank": 1.623913942904427,
      "latency_seconds": 0.0,
      "mrr": 0.8156354460140145,
      "recall@10": 78.58571231554268,
      "recall@5": 64.4324920700593
    },
    "controller_dense_only": {
      "all_recall@10": 52.42035581299131,
      "all_recall@5": 27.8444352503103,
      "answer_support_rate": 57.840297889946214,
      "avg_retrieval_tokens": 460.75382705833675,
      "em": 57.840297889946214,
      "f1": 58.350486637923666,
      "gold_rank": 1.6714935870914356,
      "latency_seconds": 0.0,
      "mrr": 0.8123746478318261,
      "recall@10": 78.21334988277479,
      "recall@5": 60.41235691628741
    },
    "controller_hkvm_only": {
      "all_recall@10": 58.254033926354985,
      "all_recall@5": 35.581299131154324,
      "answer_support_rate": 56.516342573438145,
      "avg_retrieval_tokens": 467.3061646669425,
      "em": 56.516342573438145,
      "f1": 57.04821381047314,
      "gold_rank": 1.7707902358295406,
      "latency_seconds": 0.0,
      "mrr": 0.8068855855678363,
      "recall@10": 81.62322438284374,
      "recall@5": 65.91159840022065
    },
    "controller_dense_hkvm": {
      "all_recall@10": 63.92221762515515,
      "all_recall@5": 44.26975589573852,
      "answer_support_rate": 64.54282167976831,
      "avg_retrieval_tokens": 471.69714522134876,
      "em": 64.54282167976831,
      "f1": 64.89285262221993,
      "gold_rank": 1.5581299131154323,
      "latency_seconds": 0.0,
      "mrr": 0.8287219825180107,
      "recall@10": 84.36422562405185,
      "recall@5": 72.45207557578266
    }
  },
  "bootstrap_vs_dense": [
    {
      "seed": 43,
      "reference": "colbertv2",
      "candidate": "controller_dense_hkvm",
      "metric": "f1",
      "mean_diff": 6.583530630343004,
      "ci_low": 4.890103460645455,
      "ci_high": 8.339640366021483,
      "p_diff_le_0": 0.0
    },
    {
      "seed": 43,
      "reference": "colbertv2",
      "candidate": "controller_dense_hkvm",
      "metric": "em",
      "mean_diff": 6.785270997103848,
      "ci_low": 5.0062060405461315,
      "ci_high": 8.48158874637981,
      "p_diff_le_0": 0.0
    },
    {
      "seed": 43,
      "reference": "colbertv2",
      "candidate": "controller_dense_hkvm",
      "metric": "all_recall@10",
      "mean_diff": 14.604882085229624,
      "ci_low": 12.743069921390154,
      "ci_high": 16.42532064542822,
      "p_diff_le_0": 0.0
    },
    {
      "seed": 43,
      "reference": "colbertv2",
      "candidate": "controller_dense_only",
      "metric": "f1",
      "mean_diff": 0.04116464604673127,
      "ci_low": -0.2610925138852322,
      "ci_high": 0.32400964548254574,
      "p_diff_le_0": 0.372
    },
    {
      "seed": 43,
      "reference": "colbertv2",
      "candidate": "controller_dense_only",
      "metric": "em",
      "mean_diff": 0.08274720728175423,
      "ci_low": -0.24824162184526272,
      "ci_high": 0.3723624327678941,
      "p_diff_le_0": 0.36
    },
    {
      "seed": 43,
      "reference": "colbertv2",
      "candidate": "controller_dense_only",
      "metric": "all_recall@10",
      "mean_diff": 3.103020273065784,
      "ci_low": 1.0757136946628052,
      "ci_high": 5.254447662391394,
      "p_diff_le_0": 0.001
    },
    {
      "seed": 43,
      "reference": "colbertv2",
      "candidate": "controller_hkvm_only",
      "metric": "f1",
      "mean_diff": -1.2611081814037908,
      "ci_low": -3.5390412924546135,
      "ci_high": 1.1648575909692025,
      "p_diff_le_0": 0.852
    },
    {
      "seed": 43,
      "reference": "colbertv2",
      "candidate": "controller_hkvm_only",
      "metric": "em",
      "mean_diff": -1.2412081092263136,
      "ci_low": -3.847745138601572,
      "ci_high": 1.1584609019445593,
      "p_diff_le_0": 0.854
    },
    {
      "seed": 43,
      "reference": "colbertv2",
      "candidate": "controller_hkvm_only",
      "metric": "all_recall@10",
      "mean_diff": 8.936698386429457,
      "ci_low": 6.868018204385602,
      "ci_high": 10.881257757550683,
      "p_diff_le_0": 0.0
    },
    {
      "seed": 43,
      "reference": "colbertv2",
      "candidate": "phase1c_mlp_topk_4",
      "metric": "f1",
      "mean_diff": -1.2611081814037908,
      "ci_low": -3.655373274992307,
      "ci_high": 0.9869802102516454,
      "p_diff_le_0": 0.869
    },
    {
      "seed": 43,
      "reference": "colbertv2",
      "candidate": "phase1c_mlp_topk_4",
      "metric": "em",
      "mean_diff": -1.2412081092263136,
      "ci_low": -3.475382705833678,
      "ci_high": 1.0757136946628052,
      "p_diff_le_0": 0.833
    },
    {
      "seed": 43,
      "reference": "colbertv2",
      "candidate": "phase1c_mlp_topk_4",
      "metric": "all_recall@10",
      "mean_diff": 4.054613156805958,
      "ci_low": 1.8618121638394705,
      "ci_high": 6.537029375258585,
      "p_diff_le_0": 0.0
    },
    {
      "seed": 43,
      "reference": "colbertv2",